N,problem_seed,comparison_id,numerator_method,denominator_method,cost_ratio
25,840025201,mixer_under_HF,xy_hf,learned_projector,115.40648516895537
25,840025201,mixer_under_HD,same_stage1_state_direct,projector_hd,5.1997299138549273
25,840025201,reference_under_HD,known_projector_hd,projector_hd,5.990865180893727
25,840025202,mixer_under_HF,xy_hf,learned_projector,15426.84587967341
25,840025202,mixer_under_HD,same_stage1_state_direct,projector_hd,7.3533607392863622
25,840025202,reference_under_HD,known_projector_hd,projector_hd,8.5167860080393751
25,840025203,mixer_under_HF,xy_hf,learned_projector,118.11374185857564
25,840025203,mixer_under_HD,same_stage1_state_direct,projector_hd,6.8115760153562457
25,840025203,reference_under_HD,known_projector_hd,projector_hd,7.8616486228055766
30,840030201,mixer_under_HF,xy_hf,learned_projector,62.708569303716253
30,840030201,mixer_under_HD,same_stage1_state_direct,projector_hd,59.982714235958007
30,840030201,reference_under_HD,known_projector_hd,projector_hd,64.065362672086877
30,840030202,mixer_under_HF,xy_hf,learned_projector,196.48902130217587
30,840030202,mixer_under_HD,same_stage1_state_direct,projector_hd,24.79836852420852
30,840030202,reference_under_HD,known_projector_hd,projector_hd,26.496287984706942
30,840030203,mixer_under_HF,xy_hf,learned_projector,47.802627397350889
30,840030203,mixer_under_HD,same_stage1_state_direct,projector_hd,26.936853733095923
30,840030203,reference_under_HD,known_projector_hd,projector_hd,29.235618106843457
