N,problem_seed,method,paper_label,terminal_RU_integer_decimal,ground_total_logical_cost_integer_decimal,ground_probability
25,840025201,learned_projector,Projector_HF,75079,600632,0.48011808099625392
25,840025201,projector_hd,Projector_HD,75379,5125772,0.065559825688810594
25,840025201,xy_hf,XY_HF,46459,69316828,0.0030819860146322998
25,840025201,same_stage1_state_direct,XY_HD,46759,26652630,0.0080551605350075994
25,840025201,known_projector_hd,KnownProjector_HD,53779,30707809,0.0080426977434098004
25,840025201,stage1_only,Stage1Only,4363,2561081,0.0078156508388641001
25,840025202,learned_projector,Projector_HF,75079,375395,0.63743850662956858
25,840025202,projector_hd,Projector_HD,75379,3618192,0.092105962241217004
25,840025202,xy_hf,XY_HF,46459,5791160809,3.6944052080799997e-05
25,840025202,same_stage1_state_direct,XY_HD,46759,26605871,0.0080709085748355003
25,840025202,known_projector_hd,KnownProjector_HD,53779,30815367,0.0080102089877030005
25,840025202,stage1_only,Stage1Only,4363,2561081,0.0078156508388641001
25,840025203,learned_projector,Projector_HF,75079,600632,0.45466584421923317
25,840025203,projector_hd,Projector_HD,75379,3919708,0.085039925296649901
25,840025203,xy_hf,XY_HF,46459,70942893,0.0030118370411747002
25,840025203,same_stage1_state_direct,XY_HD,46759,26699389,0.008034510445595
25,840025203,known_projector_hd,KnownProjector_HD,53779,30815367,0.0080172309280529992
25,840025203,stage1_only,Stage1Only,4363,2561081,0.0078156508388641001
30,840030201,learned_projector,Projector_HF,386335,31679470,0.055252833380868102
30,840030201,projector_hd,Projector_HD,387055,182302905,0.0097448207491275998
30,840030201,xy_hf,XY_HF,305815,1986574240,0.00070875864503130005
30,840030201,same_stage1_state_direct,XY_HD,306535,10935023055,0.0001290880013838
30,840030201,known_projector_hd,KnownProjector_HD,326575,11679301725,0.0001287615212142
30,840030201,stage1_only,Stage1Only,13375,487933375,0.00012622830582370001
30,840030202,learned_projector,Projector_HF,386335,25884445,0.066994672777546699
30,840030202,projector_hd,Projector_HD,387055,332093190,0.0053568519388053999
30,840030202,xy_hf,XY_HF,305815,5086009265,0.0002768794138997
30,840030202,same_stage1_state_direct,XY_HD,306535,8235369310,0.00017139979965129999
30,840030202,known_projector_hd,KnownProjector_HD,326575,8799236800,0.00017090750480180001
30,840030202,stage1_only,Stage1Only,13375,362877125,0.00016972444043400001
30,840030203,learned_projector,Projector_HF,386335,34770150,0.050264399986803099
30,840030203,projector_hd,Projector_HD,387055,400214870,0.0044469573696623004
30,840030203,xy_hf,XY_HF,305815,1662104525,0.0008470050403746
30,840030203,same_stage1_state_direct,XY_HD,306535,10780529415,0.00013093906530069999
30,840030203,known_projector_hd,KnownProjector_HD,326575,11700529100,0.00012852817528609999
30,840030203,stage1_only,Stage1Only,13375,487933375,0.00012622830582370001
