configuration,cosine_training_descent_vs_target_a_ascent_maximum,cosine_training_descent_vs_target_a_ascent_median,cosine_training_descent_vs_target_a_ascent_minimum,cosine_training_descent_vs_target_a_ascent_q25,cosine_training_descent_vs_target_a_ascent_q75,depth,method,objective_gradient_rms_normalized_maximum,objective_gradient_rms_normalized_median,objective_gradient_rms_normalized_minimum,objective_gradient_rms_normalized_q25,objective_gradient_rms_normalized_q75,random_initialization_count,seed,target_a_log_probability_gradient_rms_maximum,target_a_log_probability_gradient_rms_median,target_a_log_probability_gradient_rms_minimum,target_a_log_probability_gradient_rms_q25,target_a_log_probability_gradient_rms_q75,training_loss_gradient_rms_normalized_maximum,training_loss_gradient_rms_normalized_median,training_loss_gradient_rms_normalized_minimum,training_loss_gradient_rms_normalized_q25,training_loss_gradient_rms_normalized_q75
lp_selected,0.7809526920318604,0.2831680327653885,-0.6496323347091675,-0.25595708563923836,0.6066608875989914,26,Learned-projector QAOA,1.9089005133551131,0.6788387446627281,0.156388618785163,0.48256199385289233,0.8834408504338851,12,101,2.2927977707636344,0.7593662616785837,0.29455361704578403,0.5171657402633586,1.1448562786075298,1.9089005133551131,0.6788387446627281,0.156388618785163,0.48256199385289233,0.8834408504338851
lp_selected,0.5451842546463013,0.006775575675419532,-0.7449842691421509,-0.532513827085495,0.19890306890010834,29,Learned-projector QAOA,0.755069425141782,0.5285263279322588,0.05069606354393333,0.2647756725398876,0.6585781007341527,12,101,2.194406866519629,0.6015035731916574,0.23437197603891852,0.5310424211713449,1.3509186945578284,0.755069425141782,0.5285263279322588,0.05069606354393333,0.2647756725398876,0.6585781007341527
lp_selected,0.6679092049598694,0.32898424565792084,-0.35797974467277527,-0.005571834743022919,0.5979795157909393,32,Learned-projector QAOA,0.946512698840126,0.5613661657562172,0.12729058645579355,0.2907828952961309,0.8058755556762612,12,101,1.482975959777832,0.5213476717472076,0.2733146846294403,0.4274800568819046,0.6875547170639038,0.946512698840126,0.5613661657562172,0.12729058645579355,0.2907828952961309,0.8058755556762612
ordinary_initial_calibration,0.3570652902126312,-0.0030435528606176376,-0.32494762539863586,-0.15569790452718735,0.15716662257909775,29,ordinary_initial_calibration,0.009999765736986197,0.00791500568403599,0.0063446938898265234,0.007445343691022743,0.008693036800043706,12,101,4.017222047901323,2.869566287689226,1.8171207646414071,2.382385543794325,3.323131702697193,0.011552253457623464,0.008576060947208608,0.00695805527708647,0.007797172433270434,0.009641827035507904
ordinary_selected,0.31817060708999634,-0.049681694246828556,-0.3757544457912445,-0.322873018682003,0.20425719022750854,26,Ordinary block-XY,0.009555310749607882,0.008361088686886073,0.006346810825830159,0.006965302743979801,0.008874568796686105,12,101,4.389588169523938,2.734288080253542,1.8331704498385697,2.396732807419795,3.4553291417107177,0.016441669690068456,0.0080019283449287,0.006548527845502696,0.00700210315161567,0.008734237705972864
ordinary_selected,0.2365187108516693,0.003440761531237513,-0.311637818813324,-0.02395207271911204,0.0914559718221426,29,Ordinary block-XY,0.010946516501326744,0.008151644741803058,0.005170999354998344,0.007778540907299473,0.008879748265955096,12,101,3.6559665668927095,2.283059019963417,1.2965847812198563,2.029378414289119,2.701459840044276,0.009971876128983195,0.00809656498582116,0.005380434843713643,0.007001345383869833,0.008947835323088222
ordinary_selected,0.30074575543403625,0.04771187994629145,-0.24724049866199493,-0.024825751315802336,0.11992334015667439,32,Ordinary block-XY,0.009593056277790012,0.007527553383763302,0.0063144951238391445,0.007326765435470498,0.007986740594348559,12,101,3.913545608520508,2.521145462989807,1.7005822658538818,2.1469892263412476,2.909247577190399,0.010576454425491056,0.007493600573990613,0.005761775129566038,0.006881062590113771,0.00810566860676978
same_state_warm_initial_calibration,0.44810280203819275,0.14628900587558746,-0.45031270384788513,-0.018153732060454786,0.27251850813627243,29,same_state_warm_initial_calibration,0.00919818448578972,0.008238216440651557,0.004403093382049122,0.00727796255710849,0.008426412948462417,12,101,4.7977849050446135,2.389471757932244,1.0964118950574273,1.9237223084518178,2.837694446603563,0.011596005796622124,0.007388802863999486,0.0059413385046922906,0.006833040748050118,0.009352818860554793
same_state_warm_selected,0.4865747392177582,0.0972943864762783,-0.28176119923591614,-0.07250499352812767,0.146037008613348,26,Same-state warm block-XY,0.009858794912189063,0.007810217499353093,0.00449005382532337,0.006621769742381018,0.0086438192480238,12,101,3.329508609082571,2.2809990127322104,1.3897394916309227,1.883938238207262,2.6959088886297202,0.011403872656728375,0.008049776742850599,0.006813064493514603,0.007586121479440838,0.008330304664103783
same_state_warm_selected,0.38783302903175354,-0.11014100909233093,-0.31411013007164,-0.23104219138622284,0.03814433887600899,29,Same-state warm block-XY,0.010713381552567338,0.007652292264990741,0.004983527012981691,0.007193480522120219,0.009002214020526467,12,101,3.3046345531181367,2.4055320567885574,1.3296456827391163,1.7927126867650438,2.856429834029485,0.008830901332661942,0.006894897055290956,0.0041264229596010525,0.005906216742817632,0.008249082925918007
same_state_warm_selected,0.35479292273521423,0.05624351557344198,-0.2482970505952835,-0.05961519852280617,0.1535039022564888,32,Same-state warm block-XY,0.009512101893734342,0.007593473612629566,0.005823455654136303,0.007492795730023356,0.00863466315957936,12,101,5.0374531745910645,2.3477357625961304,1.7473225593566895,2.139561355113983,2.8122833371162415,0.009387408742541731,0.008031200854412248,0.006033168900457759,0.007457370710697373,0.008292728688394854
separated_initial_calibration,0.4974064826965332,0.061292894184589386,-0.411166787147522,-0.24386772885918617,0.15568939596414566,29,separated_initial_calibration,0.008445448067401379,0.00637159677852568,0.00533551680637222,0.00547646803670019,0.007076179235585454,12,101,3.83571505674769,2.157398164127109,1.6257804378582899,1.9582122525092496,2.332382978945973,0.009315656424337123,0.006950694433438738,0.004616819462777969,0.006278099986116963,0.007873379064971207
separated_selected,0.37629884481430054,-0.053236618638038635,-0.4782177209854126,-0.21440842002630234,0.17767225950956345,26,Separated-angle block-XY,0.007960034173214933,0.0069049611948584465,0.005489590424552997,0.006290248802398246,0.007692200444378485,12,101,3.374021342188982,2.019186632216795,1.5562896105856965,1.681078930507433,2.6258460130423553,0.010740622985663667,0.006609395155321027,0.0047019961979290455,0.00632316530473032,0.008725843567765387
separated_selected,0.21206161379814148,0.04829246655572206,-0.28291967511177063,-0.06730800773948431,0.12201817706227303,29,Separated-angle block-XY,0.010309127889643527,0.007521845839498898,0.006589117216728461,0.007331129959140251,0.008386057842725062,12,101,2.9963957285295963,2.1386950672189973,1.4810515439237104,1.6476438648135867,2.411035163240354,0.008373908029761986,0.006980797874500596,0.005790637988708671,0.006124426669707703,0.007640190521587962
separated_selected,0.3842068910598755,-0.026690544560551643,-0.25949645042419434,-0.15970608219504356,0.07810584548860788,32,Separated-angle block-XY,0.011109509820649097,0.006962840342308095,0.005648100437547376,0.0067384974928947445,0.007542898820386256,12,101,3.1266560445138922,2.293468827821052,1.8233431866190764,2.08272100809763,2.6004948432253787,0.008887996248824862,0.006755904001523038,0.005706129683034292,0.006138834066115005,0.007352739699323469
lp_selected,0.9878685474395752,0.30409467220306396,-0.697676420211792,0.028966553509235382,0.5482209473848343,26,Learned-projector QAOA,1.1627939639405374,0.5995382455807794,0.019002196002440772,0.4270316706881932,0.8071305877051032,12,102,2.252263684073243,0.908855858070021,0.22204703194118025,0.7728575989284763,1.2843991245647248,1.1627939639405374,0.5995382455807794,0.019002196002440772,0.4270316706881932,0.8071305877051032
lp_selected,0.9478541016578674,0.38217751681804657,-0.4012133479118347,-0.032612151466310024,0.47858550399541855,29,Learned-projector QAOA,1.3238707311392655,0.59949359424326,0.24503882528416426,0.44887325154406715,0.6798086756961489,12,102,2.5743008745207607,0.9339092648979901,0.17405314292518045,0.508125137753225,1.4875512303249363,1.3238707311392655,0.59949359424326,0.24503882528416426,0.44887325154406715,0.6798086756961489
lp_selected,0.7141876816749573,0.11206096177920699,-0.7439260482788086,-0.17750628665089607,0.4322541058063507,32,Learned-projector QAOA,1.555638717987034,0.5415287578149606,0.09254382036563184,0.43873605064248894,1.078034204858402,12,102,6.98158073425293,0.7762895822525024,0.11825165897607803,0.5978108644485474,1.4957020580768585,1.555638717987034,0.5415287578149606,0.09254382036563184,0.43873605064248894,1.078034204858402
ordinary_initial_calibration,0.37443676590919495,0.02706538885831833,-0.3134184181690216,-0.08475084509700537,0.18955130130052567,29,ordinary_initial_calibration,0.009807597036829811,0.008159439413070705,0.006090402487324595,0.008071074299614565,0.008751521960376707,12,102,3.8113432244299283,2.67317690654925,1.6198124929257127,2.2341925243345058,2.8960658496751086,0.009821608639644824,0.00815607548010774,0.007131773387396837,0.00781539862966769,0.008960189157880438
ordinary_selected,0.3137511610984802,-0.0128090251237154,-0.44247835874557495,-0.18368980661034584,0.20256104692816734,26,Ordinary block-XY,0.010907401253905642,0.007667646154090593,0.00575439629729024,0.007340764143195965,0.00845775438743096,12,102,4.57756950299775,2.406023263097204,1.7168436754802634,2.2483477369196203,2.5914850198335193,0.011673309771546181,0.007724725488502372,0.00626946417991947,0.007224639262553876,0.008064472445089031
ordinary_selected,0.29391852021217346,-0.07230082526803017,-0.27057313919067383,-0.1539936065673828,0.0174064090824686,29,Ordinary block-XY,0.0092606292560475,0.007668698610352005,0.00624144833896787,0.0070594694795267,0.00842378460910473,12,102,4.264266868628334,2.4998394319944097,1.9921283459839774,2.284247454279151,3.053913418746816,0.010280690680146413,0.007320659032488302,0.005893119752087141,0.00687603054387971,0.008946612611309178
ordinary_selected,0.3301987051963806,0.1100592389702797,-0.17575310170650482,0.039498590398579836,0.20573966950178146,32,Ordinary block-XY,0.00996026579476988,0.008479330113917227,0.007718150957423363,0.008290001067573969,0.009762908824232424,12,102,3.265091896057129,2.3215972185134888,1.595873475074768,2.0857505202293396,2.822021245956421,0.00946272197331638,0.007377287935795023,0.006047107225704581,0.007173595813384281,0.008049093070661682
same_state_warm_initial_calibration,0.5179445147514343,0.08756617456674576,-0.20319616794586182,-0.008157244577887468,0.15181008726358414,29,same_state_warm_initial_calibration,0.011814323967286478,0.007761734139751177,0.005668423708311058,0.007387246660078131,0.008390684431313987,12,102,3.4244942992067458,2.183967352942915,1.2969738508599158,1.7875840614316445,2.629075167857664,0.008087533391300904,0.006551389279434806,0.005244118764249572,0.0056333255535789125,0.007509140009910851
same_state_warm_selected,0.49323418736457825,0.044664548709988594,-0.370160847902298,0.00038845662493258715,0.1274996493011713,26,Same-state warm block-XY,0.009001404764045918,0.007638999793883324,0.0054549153406297166,0.006778803113426051,0.008709469463765381,12,102,3.4782400114506475,2.473444340809986,1.9294284248497648,2.283926847789977,2.854955789816068,0.011276054637413546,0.006823094669474495,0.00512794856081566,0.006349403370288491,0.007854384158873157
same_state_warm_selected,0.5792218446731567,0.16567493975162506,-0.28413280844688416,0.04929660353809595,0.32437048107385635,29,Same-state warm block-XY,0.012537706804161039,0.006968982551728692,0.004979168109382042,0.005851948212072005,0.007800417343496811,12,102,3.645487106996337,2.4053496060432833,1.4860479213359064,1.9146796012156397,3.1281881529264246,0.009211145268349277,0.007498682453954277,0.004367217925388997,0.006582264263457744,0.00819679883673194
same_state_warm_selected,0.41890668869018555,0.21507300436496735,-0.3819322884082794,-0.12926066294312477,0.306986965239048,32,Same-state warm block-XY,0.011000452896155852,0.007113991326090334,0.006081245119961552,0.0068531085927630835,0.008723550037611537,12,102,3.5523321628570557,2.298901915550232,1.4021378755569458,2.0433363020420074,3.2693753242492676,0.010047803470729144,0.007291714964768646,0.004838454157826569,0.005827721247185896,0.007856048111929841
separated_initial_calibration,0.350963830947876,0.05225998628884554,-0.4008086919784546,-0.06953301467001438,0.1390496827661991,29,separated_initial_calibration,0.009408415310967552,0.007001268851629671,0.004435676490145113,0.006595265173904691,0.007451216297134748,12,102,2.977451436565553,1.9841392384748922,1.3171768338812808,1.7523047796464026,2.227677025358542,0.00811664414616272,0.0068333818073601565,0.0056562258699432,0.006337186624952622,0.007101300683947837
separated_selected,0.4520573318004608,0.17611513286828995,-0.29274746775627136,-0.1273751612752676,0.25609779730439186,26,Separated-angle block-XY,0.010867808820303483,0.007463266240493806,0.006021326634515837,0.006436614512407049,0.008453891769032046,12,102,3.302335961592697,2.289229655605471,1.423050617577762,1.9484807595414166,2.6806203313809815,0.012924588574451461,0.007658402532494781,0.00525513058322745,0.006182883158527623,0.0078118284414955795
separated_selected,0.3196389377117157,0.12471693009138107,-0.4129309356212616,-0.1079493947327137,0.1765742301940918,29,Separated-angle block-XY,0.009027095441585262,0.006906017550402452,0.005580509137958413,0.006325239095238499,0.007854130915780865,12,102,3.2210433108525884,2.381412238791538,1.4953765262515006,1.6888388863492336,2.875055291163177,0.009038715964800383,0.0066202336608002475,0.004583752564288451,0.006025336492734411,0.007356276035595261
separated_selected,0.2676289677619934,0.037737613543868065,-0.2346511036157608,-0.019215312087908387,0.1504787914454937,32,Separated-angle block-XY,0.008758494883731965,0.007026033975677156,0.005879731045806575,0.006340963502850198,0.007559537796845518,12,102,3.3719553821770183,2.0380415004805146,1.3668309674888315,1.6955454750593806,2.897288672929559,0.008574235933096572,0.006660736337590855,0.0055357163920188805,0.006170987918452375,0.007335391260484631
lp_selected,0.8627293705940247,0.4637601226568222,-0.3365120589733124,-0.108121732249856,0.6556151956319809,26,Learned-projector QAOA,1.375346923226623,0.6855310798568233,0.0818503413682862,0.3656505718801554,0.9040119890686502,12,103,1.7521543832858357,0.8415073530016344,0.3038723413386632,0.5367529399378386,1.4380260560035767,1.375346923226623,0.6855310798568233,0.0818503413682862,0.3656505718801554,0.9040119890686502
lp_selected,0.8267803192138672,0.18518633395433426,-0.5878985524177551,-0.15750350803136826,0.49476297199726105,29,Learned-projector QAOA,0.9998463686932261,0.796889465192778,0.38710371104189706,0.5309474978817564,0.8968312156942034,12,103,2.2394039537552852,0.6859324990378172,0.1894736432432017,0.5977034290869956,0.9497131371835178,0.9998463686932261,0.796889465192778,0.38710371104189706,0.5309474978817564,0.8968312156942034
lp_selected,0.94806307554245,0.24358120560646057,-0.6238623261451721,-0.3319069594144821,0.5060951337218285,32,Learned-projector QAOA,1.2381011331069978,0.5622571011689163,0.11878843122221719,0.44121228663317696,1.0558347212534824,12,103,2.3310108184814453,1.01430943608284,0.35820648074150085,0.5156688839197159,1.2298496067523956,1.2381011331069978,0.5622571011689163,0.11878843122221719,0.44121228663317696,1.0558347212534824
ordinary_initial_calibration,0.55965256690979,-0.039325590478256345,-0.4773717522621155,-0.11708327010273933,0.23858287930488586,29,ordinary_initial_calibration,0.011383103350984821,0.008418665159024487,0.0067320315016599274,0.00760395908033271,0.008979922927131217,12,103,3.7821854164449515,2.7419840038785455,1.8371485219483192,2.205024792381401,3.3173400498527843,0.01018926891496785,0.00804849832138578,0.006577850034352351,0.007406409167866595,0.008609180215184219
ordinary_selected,0.6470022201538086,0.00013549625873565674,-0.33641675114631653,-0.13120884634554386,0.2419852837920189,26,Ordinary block-XY,0.008860702048746867,0.008228625756175272,0.006445705756906227,0.007717773931798592,0.008530655521423021,12,103,2.849985076146953,2.2879199633044287,1.9109676633763752,2.0839047703237714,2.4977027804088094,0.00914546537544825,0.008078463363252292,0.004297152818793086,0.007454927963324409,0.008655774989619447
ordinary_selected,0.30296188592910767,-0.0425240583717823,-0.13614390790462494,-0.07395334355533123,0.08832036331295967,29,Ordinary block-XY,0.0099463482522166,0.007439166019456293,0.0066823836201430785,0.007370009196130137,0.008660253323718885,12,103,3.586987662821811,2.4409654441142448,1.5680753721185825,1.9483332172098957,2.7611400172848217,0.010718860913819019,0.007911854068800538,0.005678864509404489,0.007416817227834103,0.008185631496955195
ordinary_selected,0.3913825452327728,-0.03502427786588669,-0.3000451326370239,-0.10431086458265781,0.13701268658041954,32,Ordinary block-XY,0.010257737325532864,0.008303131355296256,0.006285005737308426,0.007718902694120703,0.009168671195979236,12,103,3.0544161796569824,2.4808446168899536,1.8762489557266235,2.189161717891693,2.90407395362854,0.00902135757265215,0.007878723096721808,0.006990295319704119,0.00739532509784347,0.008001257864754835
same_state_warm_initial_calibration,0.6234660148620605,0.1934693232178688,-0.3987824618816376,-0.05159624945372343,0.376190647482872,29,same_state_warm_initial_calibration,0.010759648402646567,0.008021560580224248,0.0059342320320570855,0.0071717004879604624,0.008414997786207596,12,103,3.4308877139292706,2.7047983631015047,2.2180873954392024,2.465127833341173,3.0225440998579858,0.009832895275660348,0.007901093122069311,0.005060860079418914,0.006736948500750776,0.008727502440229743
same_state_warm_selected,0.39032384753227234,-0.027572293765842915,-0.2672620117664337,-0.12368697859346867,0.10021628439426422,26,Same-state warm block-XY,0.009362869515595989,0.007026671092268801,0.005833558418092829,0.0064969660586103595,0.008412618837168137,12,103,3.5196572692012174,2.4353285928447264,1.7175252962715424,2.16023257792314,2.6973701942046597,0.013296243673380712,0.007063477466995878,0.005398041874614199,0.00621986560566655,0.008170627770935452
same_state_warm_selected,0.291973739862442,-0.04563897545449436,-0.5900147557258606,-0.18375618383288383,0.12862834706902504,29,Same-state warm block-XY,0.010684153288088754,0.0068309399203142825,0.006284628654346082,0.00644251056864862,0.007764158626097868,12,103,4.57754268734917,2.6323679216991085,1.3773383325985007,1.927475258922557,3.3332736850654157,0.014081878200197427,0.007100572674855827,0.005598339042959557,0.006178888040396448,0.007550649083283408
same_state_warm_selected,0.29154226183891296,-0.034649837762117386,-0.28370049595832825,-0.1477275937795639,0.11919673345983028,32,Same-state warm block-XY,0.008325112673488982,0.007188631220106042,0.005920276200809406,0.006527595540352104,0.00773602314713975,12,103,4.185393810272217,2.320056915283203,1.4117194414138794,1.7981373965740204,2.704522967338562,0.009836037015727198,0.007535035594649989,0.006653499905400674,0.007055036765866154,0.00824953353907212
separated_initial_calibration,0.3483436405658722,-0.02001947583630681,-0.3483719527721405,-0.12514617294073105,0.05008132755756378,29,separated_initial_calibration,0.010475255185051123,0.006475670647102697,0.004857118330766763,0.006013019018365589,0.007272317463121192,12,103,2.863197573733512,2.140535572603406,1.4688727783907716,1.9385644664450217,2.5897554852098965,0.007281046439848757,0.0062807949022568,0.004835159133682341,0.0057800773626701845,0.006595578264901346
separated_selected,0.14909721910953522,-0.0868043340742588,-0.6139034628868103,-0.22243406623601913,-0.019039740727748722,26,Separated-angle block-XY,0.008174565570029716,0.0073842207276829525,0.005354819703533568,0.006797913305840169,0.0076427292725618256,12,103,5.978652872273437,1.8851832321344366,1.396390530584443,1.6871702150205343,2.2145564573024807,0.009950461483207834,0.007293160994441612,0.004954872916392905,0.006160964882416484,0.007975289660641528
separated_selected,0.5746017098426819,-0.021467641461640596,-0.6046924591064453,-0.24782302975654602,0.08678746223449707,29,Separated-angle block-XY,0.008326920969658723,0.007156838317901345,0.005397346213290732,0.005985973332257744,0.00760253886651801,12,103,3.8916522697784552,2.2364344814546118,1.697225296723398,2.0039801135018696,2.7752636229374588,0.009147496096025496,0.007153156311883306,0.005375847172666162,0.006700930224244779,0.008135089544898328
separated_selected,0.30956944823265076,-0.06434749811887741,-0.35975074768066406,-0.22554991394281387,0.18286854028701782,32,Separated-angle block-XY,0.008826384626628183,0.006941378745836722,0.005667984878086353,0.006658858647722293,0.007397923743855155,12,103,3.45152902333405,2.009527803822733,1.3775050981130588,1.7543142948969022,2.1342720998465032,0.008915273634299203,0.006713300891957371,0.005597727848965151,0.005836403599809177,0.007493701796525101
lp_selected,0.8137051463127136,0.09819942340254784,-0.5736420750617981,-0.10739253833889961,0.2896546274423599,26,Learned-projector QAOA,0.997464732134952,0.5110553219735623,0.11528255187631911,0.4028084833500566,0.6486518263744007,12,104,3.9000482230279996,1.1741363153833153,0.2996477538044335,0.6346934679012548,1.8355140007178596,0.997464732134952,0.5110553219735623,0.11528255187631911,0.4028084833500566,0.6486518263744007
lp_selected,0.6884433031082153,0.2175338938832283,-0.6887175440788269,-0.01584424648899585,0.5354651212692261,29,Learned-projector QAOA,1.4337550484061532,0.7702613349342309,0.4251808918115861,0.6014235844261275,0.9853702065329611,12,104,4.2713404977972065,0.8220513364042379,0.12829345195888026,0.6092126024208352,1.592930435537332,1.4337550484061532,0.7702613349342309,0.4251808918115861,0.6014235844261275,0.9853702065329611
lp_selected,0.7875206470489502,-0.025015009567141533,-0.9658393263816833,-0.6383994966745377,0.47738800197839737,32,Learned-projector QAOA,1.6277292706870454,0.6615732151614919,0.2528141160397296,0.30712659870145853,1.0599067779885187,12,104,1.8963406085968018,0.8317411541938782,0.4511469304561615,0.6247604340314865,1.34297114610672,1.6277292706870454,0.6615732151614919,0.2528141160397296,0.30712659870145853,1.0599067779885187
ordinary_initial_calibration,0.40204423666000366,0.02197450678795576,-0.1973322480916977,-0.11205142550170422,0.1651591807603836,29,ordinary_initial_calibration,0.010354371207254244,0.009215273322015277,0.0071689802806185685,0.008327969864239245,0.009387042811922533,12,104,5.955242916072477,2.2854659422523085,1.901837141198464,2.172013322867423,2.7921922074760497,0.011077244173131941,0.008347497346658931,0.0058595550230121935,0.007595248510282296,0.009448770601146966
ordinary_selected,0.2989516854286194,0.02923420164734125,-0.46450895071029663,-0.06353056244552135,0.2116609513759613,26,Ordinary block-XY,0.009266454172297893,0.0074443216232255235,0.006382706635979135,0.007033665492848486,0.007726498591211199,12,104,4.358272759371555,2.909113365400839,1.7327747430274625,2.408393264143016,3.3772926202913016,0.010122507005095115,0.007894963704775005,0.006082821649439741,0.00707723834601196,0.008488002008420759
ordinary_selected,0.2640816569328308,-0.0012652184814214706,-0.3256514370441437,-0.2258605882525444,0.13050839863717556,29,Ordinary block-XY,0.009653799164309826,0.00792121934849778,0.0058656968839546466,0.007569925972493679,0.008580175418563393,12,104,3.4758304541344196,2.5969444270356563,1.98285353685599,2.538764741253757,2.8076980789646893,0.009928963855002151,0.007388908292536781,0.006335451258274222,0.0069817405999616135,0.007965993390817805
ordinary_selected,0.2893581986427307,0.041545040905475616,-0.1323145627975464,0.020713721576612443,0.07724172994494438,32,Ordinary block-XY,0.011009393640645869,0.008466963500850931,0.006727446358239017,0.007729738291569413,0.00893540371682247,12,104,3.1262564659118652,2.670738697052002,2.0792863368988037,2.354783773422241,2.8442211151123047,0.009920382645729765,0.008279204215385555,0.006288703424264217,0.006864633687195382,0.008970834183816521
same_state_warm_initial_calibration,0.6014977097511292,0.19319123774766922,-0.7060278654098511,-0.013997102854773402,0.35778889805078506,29,same_state_warm_initial_calibration,0.010439227666445205,0.007770078679942615,0.005867669418150446,0.006456642230523478,0.009121920032755042,12,104,3.449698047663392,2.178265422788272,1.2829381667253543,1.7541060088861697,2.706616859822762,0.010480340223233128,0.008135179966559786,0.004715948124638965,0.007014804581131534,0.009192257236786915
same_state_warm_selected,0.6941837668418884,0.045744335278868675,-0.3561041057109833,-0.22177860513329506,0.3134641796350479,26,Same-state warm block-XY,0.009903016021199867,0.007993955706933085,0.0058421514551886536,0.006635918185258483,0.00851582122189368,12,104,4.18017796914044,2.7178544595424197,1.3909284266160988,2.5323696911612297,3.0870040264718184,0.00956878151198365,0.0067379224251238184,0.005194838702775889,0.006316971781931327,0.008762188126527452
same_state_warm_selected,0.3178965449333191,-0.04833106882870197,-0.30529719591140747,-0.1964491568505764,0.18427427858114243,29,Same-state warm block-XY,0.010471478631787186,0.008056914018366095,0.005778965986186745,0.007018143271112868,0.008738475036653539,12,104,3.6839976131714565,2.4942439418764746,2.1030595261228306,2.382874729680676,3.2501588553900915,0.009484943326795009,0.007461003953101279,0.0054002749481293,0.0072391001886276726,0.008182733816842036
same_state_warm_selected,0.45048290491104126,0.08588200993835926,-0.5019171833992004,-0.06171831488609314,0.2713851034641266,32,Same-state warm block-XY,0.009152515102124708,0.007430548249905616,0.005737309841924405,0.006694335397237959,0.008210969770162033,12,104,4.075484275817871,2.2178902626037598,1.9071993827819824,2.0868357717990875,2.7843006253242493,0.00906142926329626,0.007557029370130514,0.005345756782799629,0.006977768109773111,0.00862637855826495
separated_initial_calibration,0.3275081217288971,0.08249041438102722,-0.3740011155605316,-0.1297649499028921,0.15038475021719933,29,separated_initial_calibration,0.008498507719329449,0.006759536184856629,0.005535000904942357,0.005966314509421557,0.007359052053906483,12,104,3.529449889449021,2.1255511124838575,1.7401385902015858,1.8051944384446048,2.396277481685476,0.011810478853889432,0.00704600703981687,0.005495658019169723,0.00665697852983494,0.008544994007801891
separated_selected,0.40603694319725037,-0.16589689254760742,-0.4901614785194397,-0.26187724620103836,0.05287956167012453,26,Separated-angle block-XY,0.008936218091513445,0.006747911655588447,0.005781369196996499,0.006313550516146661,0.007279199801523045,12,104,3.399765414884753,2.208124434475586,1.2693215412246932,1.7255813195676817,2.6026895214631844,0.010756355815493003,0.0067513343929887564,0.005361900527132757,0.005837761131365988,0.008195663573486727
separated_selected,0.2608438730239868,-0.01568746892735362,-0.2801789939403534,-0.06348294112831354,0.18038862571120262,29,Separated-angle block-XY,0.007660253543025833,0.0069002616181587356,0.005346702258568192,0.006204789447833381,0.007081136451675003,12,104,3.702822817851286,2.1039066423798864,1.6273395660515484,1.8438755204136084,2.7110143313704524,0.008439562393802542,0.006791533723273938,0.005925011136823331,0.0063784389285771554,0.007395568857529502
separated_selected,0.18960466980934143,-0.02403239905834198,-0.2528010904788971,-0.1733393669128418,0.11657685600221157,32,Separated-angle block-XY,0.007982051702340986,0.006626499211447314,0.005127317982481164,0.006348604445458272,0.0070382227939610655,12,104,4.8272517416541865,2.1745333262305406,1.501539926776048,2.0487518880112985,2.8571129544446086,0.007435088042303899,0.006830410460218137,0.006129541198398155,0.006402587945954257,0.0071396923265028625
lp_selected,0.9068828821182251,0.0654757022857666,-0.96123206615448,-0.3097321540117264,0.49999329447746277,26,Learned-projector QAOA,1.2222746991037992,0.5313513573980623,0.4047428043933272,0.4360307566229954,0.8469423000389367,12,105,3.8117025508302778,0.8001223975169296,0.46322510563813263,0.5583255882996049,1.0206291536047472,1.2222746991037992,0.5313513573980623,0.4047428043933272,0.4360307566229954,0.8469423000389367
lp_selected,0.9387267231941223,0.552996426820755,-0.6376393437385559,0.0186720984056592,0.7403457909822464,29,Learned-projector QAOA,1.0332231588059386,0.5825053478090105,0.09183368128574017,0.3145081241824518,0.7802086983681717,12,105,2.2922555643585305,0.5444378293527435,0.32992285262655413,0.4245273129319197,0.9058884869521964,1.0332231588059386,0.5825053478090105,0.09183368128574017,0.3145081241824518,0.7802086983681717
lp_selected,0.8410486578941345,0.31662963330745697,-0.7376857399940491,-0.19787707924842834,0.45325860381126404,32,Learned-projector QAOA,1.2114206514861765,0.5431843389406926,0.08432540614312833,0.44776299704756467,0.7990032267275389,12,105,2.3928964138031006,0.887088418006897,0.25605931878089905,0.6532218307256699,1.03663732111454,1.2114206514861765,0.5431843389406926,0.08432540614312833,0.44776299704756467,0.7990032267275389
ordinary_initial_calibration,0.3957192599773407,0.10104439407587051,-0.34675177931785583,0.012567502359161153,0.16217892616987228,29,ordinary_initial_calibration,0.010917089554059591,0.00884046011922104,0.007663246661300905,0.008254123352404982,0.009210635065740052,12,105,3.976355334984214,2.4653251856915857,1.7891463194174744,2.206883141504637,2.875946491324842,0.010897435065019584,0.008532622258303911,0.006837311341958553,0.007377974321155181,0.009168573903194028
ordinary_selected,0.48904237151145935,0.05552897974848747,-0.18480141460895538,-0.061362165957689285,0.17977168411016464,26,Ordinary block-XY,0.009737023985450465,0.007808294635623235,0.006213802505486221,0.007257007300525571,0.008722878824257582,12,105,3.565705686608173,2.8210184407817485,1.8364724886272106,2.237467890735888,2.972004323093351,0.011801807440142616,0.00789227712204745,0.006156924127062884,0.006946933988276738,0.008936744236088059
ordinary_selected,0.3244010806083679,-0.07798524759709835,-0.5262212157249451,-0.22035681456327438,0.16469348222017288,29,Ordinary block-XY,0.009082481585951683,0.00827673542928419,0.0061662225950733845,0.006916168706601916,0.008494181342396235,12,105,3.6304041781241447,2.703811476125866,2.0369998339763185,2.47364447634887,3.117286188696109,0.011367172738826967,0.007528614865017874,0.0063295833873748914,0.0071879799861584584,0.008218307538839483
ordinary_selected,0.41550588607788086,0.05123014189302921,-0.09305588901042938,-0.013836282421834767,0.15788914263248444,32,Ordinary block-XY,0.00917009647330705,0.007958834101759116,0.006078032877641855,0.007250194297571416,0.008526854169670743,12,105,3.879848003387451,2.5710002183914185,2.1077656745910645,2.332843601703644,2.887204170227051,0.009121401242200927,0.007770673228887596,0.006328856514809487,0.006909932819332963,0.008192890058909788
same_state_warm_initial_calibration,0.563788115978241,0.16722893342375755,-0.18704524636268616,-0.06663223262876272,0.3610375300049782,29,same_state_warm_initial_calibration,0.009957241455544844,0.007615699001810424,0.005754847049169504,0.006678124400394045,0.008149440394618247,12,105,2.8690596331144977,2.137654291182834,1.4050141196017891,1.987461670409889,2.527112124317507,0.011018410135316806,0.008086706297795777,0.00550746303725379,0.006209009695709297,0.008869335196216122
same_state_warm_selected,0.5369824767112732,0.009698070585727692,-0.5383744239807129,-0.31143056601285934,0.21710647270083427,26,Same-state warm block-XY,0.00888236424833938,0.0074656120820251835,0.005255343523536768,0.0064879713019366445,0.008285980038328145,12,105,3.8638855553587446,2.426568958946712,1.6337233659298498,2.084582655029029,3.009596622263135,0.010640209062826901,0.0070189854610684934,0.005679207890994114,0.006610747178138985,0.0076075681963151
same_state_warm_selected,0.21303367614746094,0.05976140312850475,-0.5544238090515137,-0.018661417067050934,0.11764759011566639,29,Same-state warm block-XY,0.007789634950397042,0.007017265673936472,0.006008865457285312,0.006236547410932654,0.007497034176687302,12,105,3.9969528595464436,2.5884508877771033,1.7807657318214043,2.198157500354275,2.8168773425067846,0.011912950870715895,0.007118716262442943,0.005271978329388268,0.006517304402370002,0.008370371506051643
same_state_warm_selected,0.3856728971004486,0.08464094623923302,-0.34932833909988403,-0.1259452924132347,0.19338884577155113,32,Same-state warm block-XY,0.01013435802079886,0.007195730966772047,0.006514447989144755,0.006789308099430075,0.008082225158476964,12,105,3.8480563163757324,2.3650418519973755,1.8534785509109497,2.149214267730713,2.7419278621673584,0.010582629797270631,0.008051589256145273,0.005794233431334344,0.007447182375840835,0.009114005172953105
separated_initial_calibration,0.40733200311660767,-0.05365048907697201,-0.5302589535713196,-0.13275230675935745,0.09666240029036999,29,separated_initial_calibration,0.007537009156037933,0.006612871670826177,0.005730432744975923,0.006155698453664637,0.006993331328394805,12,105,3.268488085839414,1.8638069330506015,1.4878765767230013,1.7327280535922946,2.2924133080452602,0.00827672572284685,0.006256608781347252,0.005316622918465856,0.006061124002889365,0.006952673941632841
separated_selected,0.32508811354637146,-0.03428288898430765,-0.38585907220840454,-0.1454972792416811,0.06410701666027308,26,Separated-angle block-XY,0.00835001707016347,0.006530601358986476,0.0048923714582887875,0.00612959034165309,0.0069448970322026505,12,105,2.9794739103160417,2.1900932172826915,1.6269580133847044,1.88471512863569,2.3639746081817985,0.008972807935415219,0.007320594178822758,0.004717359926754678,0.00623952020736215,0.00806630168205952
separated_selected,0.2857000529766083,0.10527382418513298,-0.30193066596984863,-0.05747634079307318,0.20401334762573242,29,Separated-angle block-XY,0.009045636859923233,0.0071318946635268825,0.005438733269367823,0.006461257492999887,0.008230966914503215,12,105,3.2314027356372264,2.1249342706981715,1.7859519500496062,1.9558936512869711,2.5243210251431756,0.008677594005972645,0.006929089209833031,0.004968361256801361,0.0063035460690154775,0.007721778936724963
separated_selected,0.2699310779571533,0.07124323025345802,-0.31327053904533386,-0.1647661067545414,0.15932344645261765,32,Separated-angle block-XY,0.010290582178446394,0.007032698937899916,0.0057163974239366365,0.0064504898640969964,0.007672777903929974,12,105,3.155037269628523,2.0852581155507925,1.4878080492539034,1.9491618550846483,2.551090355012608,0.009485101283960148,0.006378420178409155,0.0057203038370882775,0.005966639017741706,0.0069074005896255794
lp_selected,0.6792224645614624,0.039778025820851326,-0.41516613960266113,-0.18044375628232956,0.3912544697523117,26,Learned-projector QAOA,1.2586435029137457,0.7451179030012602,0.1357004777116844,0.46893199317993306,0.8950877280760374,12,106,2.2744421487021707,0.9683627153322569,0.47923205210054254,0.5873609775664134,1.272320060893581,1.2586435029137457,0.7451179030012602,0.1357004777116844,0.46893199317993306,0.8950877280760374
lp_selected,0.9440006017684937,0.11505047418177128,-0.5658657550811768,-0.26159247383475304,0.2766004353761673,29,Learned-projector QAOA,0.9680701078374515,0.4452804094517858,0.09967858369228035,0.298072263625753,0.8288984205731399,12,106,2.448607463079137,0.7196002026839903,0.08955107085967727,0.5044853502597472,1.2463585767337912,0.9680701078374515,0.4452804094517858,0.09967858369228035,0.298072263625753,0.8288984205731399
lp_selected,0.9426455497741699,0.23609625548124313,-0.5198055505752563,-0.09457343071699142,0.5225701406598091,32,Learned-projector QAOA,1.0148150700850087,0.5576479868946056,0.052044631379485964,0.18038260643397375,0.6933175513909948,12,106,5.3301286697387695,1.007001906633377,0.28842657804489136,0.5032652020454407,1.8834457695484161,1.0148150700850087,0.5576479868946056,0.052044631379485964,0.18038260643397375,0.6933175513909948
ordinary_initial_calibration,0.3546851575374603,0.13273417204618454,-0.21372832357883453,-0.09482676349580288,0.2559007704257965,29,ordinary_initial_calibration,0.009928279023422618,0.008385811350682847,0.005688906164991897,0.00792077674592766,0.008849095719719292,12,106,3.539263707069277,2.420853286119402,1.6234789139077872,2.152975082231175,2.597119239143002,0.011834514589296867,0.008349238634238091,0.006989547725690982,0.008120906851988734,0.008790726806512082
ordinary_selected,0.35034796595573425,0.00553358462639153,-0.19906292855739594,-0.11704249493777752,0.25947990268468857,26,Ordinary block-XY,0.011134475843337389,0.008764517114730502,0.005276244466618411,0.006358031058548316,0.009401571740868333,12,106,3.604847965536162,2.5655311245606183,1.908950441426554,2.2324183886332447,2.8981829002109247,0.010437186439181905,0.008312541729954845,0.006070434811665583,0.007284201034727662,0.009160710120850702
ordinary_selected,0.2071571946144104,-0.08272376656532288,-0.2676509916782379,-0.13255080953240395,0.03909481596201658,29,Ordinary block-XY,0.009343073939178895,0.007690244406122911,0.0061986025056184006,0.007079115963340648,0.008215138413755431,12,106,3.7430943737872715,2.55879180983102,2.0914556837681073,2.2230390485586287,3.230859398381405,0.010368563599983938,0.007532478139662863,0.006138870193742518,0.007182130415751286,0.008968402060869364
ordinary_selected,0.2470889389514923,0.09007125347852707,-0.47827982902526855,-0.14891817048192024,0.14886654540896416,32,Ordinary block-XY,0.011188666133317223,0.00899954529997609,0.0075487670524502105,0.00826177062705284,0.009439329471373038,12,106,4.020177841186523,2.4970412254333496,1.9676843881607056,2.1511135697364807,2.665999472141266,0.00970541167126925,0.007649462379615307,0.006193717650707372,0.0070462702893024495,0.00795326370223031
same_state_warm_initial_calibration,0.3131727874279022,0.07518181949853897,-0.4721980392932892,-0.025611176621168852,0.21727276593446732,29,same_state_warm_initial_calibration,0.012043545725334668,0.006946715512912418,0.00557247353519463,0.0059754794242394774,0.008656835398519667,12,106,4.137426659708865,2.3752690255518374,1.8779265765760293,2.030537421065293,2.8050052086477715,0.009759410615633384,0.006926463839297258,0.0043752633266455196,0.006118875526239533,0.008675810921061209
same_state_warm_selected,0.3416225016117096,0.06413991749286652,-0.5889062881469727,-0.08010970056056976,0.2073296569287777,26,Same-state warm block-XY,0.00824757928083946,0.006474815130357369,0.0047980022957864,0.005993032036713615,0.007333158736841831,12,106,4.291882841400644,2.6649928759918238,1.7665878424045436,2.0558013692057293,3.0854465745415705,0.011895677585824797,0.007215241641224666,0.005290770995723588,0.00603683206116883,0.007893140159020288
same_state_warm_selected,0.4578150510787964,-0.008385105058550835,-0.4479796588420868,-0.1042510736733675,0.1070169098675251,29,Same-state warm block-XY,0.011183507779630224,0.007564055873217567,0.005037831578653075,0.007090936682941368,0.008087333774762256,12,106,3.39390167952695,2.2013412470757734,1.529375653125269,1.8776107001141529,2.329226071037849,0.008701167115707864,0.006673919353993887,0.0052800135095800275,0.006357707387103896,0.007753558653512131
same_state_warm_selected,0.2223394811153412,-0.017067737178876996,-0.22457730770111084,-0.0790843591094017,0.13774805143475533,32,Same-state warm block-XY,0.01032873822272731,0.007491377710144068,0.006274158501977482,0.006824351027012552,0.007936395440111028,12,106,3.6312713623046875,2.4696481227874756,1.8254276514053345,2.1418667435646057,3.028851568698883,0.009647857450341682,0.007560206167579759,0.0056118174292337135,0.007060214288870121,0.008034214142411317
separated_initial_calibration,0.31127193570137024,-0.011820657178759575,-0.23634202778339386,-0.12287157401442528,0.06594593822956085,29,separated_initial_calibration,0.008134525609771678,0.006650205727357396,0.004823734754793169,0.0062861346780519155,0.0068617385352365955,12,106,3.0011112503522126,2.072681238019408,1.4187572717142551,1.6926063705044658,2.412974897027383,0.008384578681601907,0.006008030628594214,0.004902007576333371,0.0055115254344921556,0.006908121963501051
separated_selected,0.26841598749160767,0.05147290229797363,-0.3252796530723572,-0.13232066854834557,0.18349020555615425,26,Separated-angle block-XY,0.00808397985440866,0.0067619214403676475,0.0053767862455329956,0.005976272271753441,0.007492774165327988,12,106,3.2347454877736825,2.077702053154227,1.5620789764407825,1.9721994612396703,2.468902949944952,0.008894936929152357,0.006684496183523095,0.004731417447609034,0.006118800883531572,0.007243365189690066
separated_selected,0.32436084747314453,0.0033841263502836227,-0.3552725911140442,-0.1078825481235981,0.2077697329223156,29,Separated-angle block-XY,0.006978895980339274,0.006492235473233004,0.00537143434644754,0.0061915691897371766,0.00676927499744687,12,106,3.210016024217445,1.9709839345870572,1.431945191635512,1.6541758645351756,2.0888569501934944,0.007688135764926805,0.006316509986560906,0.0047479114731668794,0.005917534523537172,0.0070979767244735165
separated_selected,0.2496301233768463,-0.0065290434285998344,-0.2588726282119751,-0.0814347779378295,0.08215023018419743,32,Separated-angle block-XY,0.007465968418079495,0.006623118200083308,0.004912788501255263,0.005902224559966381,0.007018317588397476,12,106,3.376671797382668,1.989989370548809,1.3861298618445392,1.6264058416044958,2.240027656233337,0.009928311806136255,0.006418460102158715,0.005333743324782071,0.005918528005291472,0.0069231793927945935
