cohort_role,N,problem_seed,method,paper_label,cell_id,depth,adopted_budget,target,configuration_count,target_hash_sha256,probability,feasible_mass,conditional_probability_on_feasible,RTS99_kind,RTS99_integer_decimal,terminal_RU,total_logical_cost_kind,total_logical_cost_integer_decimal,native_grover_secondary_screen,part_of_matched_five_seed_result,claim_scope
five_seed_matched_validation,25,840025102,learned_projector,LP-QAOA,learned_projector_N25_seed840025102_p16_b800,16,800,ground,1,98810171DD7717444EC694FE16155683A6071BB940D061EF9DAD94FDD85CA8C8,0.3139461651764184,0.9766121155269651,0.321464540716882,finite,13,98651,finite,1282463,False,True,descriptive limited-sample matched validation
five_seed_matched_validation,25,840025102,learned_projector,LP-QAOA,learned_projector_N25_seed840025102_p16_b800,16,800,best2,2,D74BEA855975D465119B6ACA9E6792C104367DC4E420B7DD9320C963EBE95214,0.5248276000858079,0.9766121155269651,0.5373961593775834,finite,7,98651,finite,690557,False,True,descriptive limited-sample matched validation
five_seed_matched_validation,25,840025102,learned_projector,LP-QAOA,learned_projector_N25_seed840025102_p16_b800,16,800,best8,8,68F75E49AFF6F926B0CA210760152074DD9C1E587BB79139F518CB5C4CD84134,0.9699005543236576,0.9766121155269651,0.9931277104834133,finite,2,98651,finite,197302,False,True,descriptive limited-sample matched validation
five_seed_matched_validation,25,840025102,stage1_only,Stage-1-only,stage1_only_N25_seed840025102,,,ground,1,98810171DD7717444EC694FE16155683A6071BB940D061EF9DAD94FDD85CA8C8,0.007815650838864163,0.9378781006637074,0.008333333333333264,finite,587,4363,finite,2561081,False,True,descriptive limited-sample matched validation
five_seed_matched_validation,25,840025102,stage1_only,Stage-1-only,stage1_only_N25_seed840025102,,,best2,2,D74BEA855975D465119B6ACA9E6792C104367DC4E420B7DD9320C963EBE95214,0.015631301677728426,0.9378781006637074,0.016666666666666635,finite,293,4363,finite,1278359,False,True,descriptive limited-sample matched validation
five_seed_matched_validation,25,840025102,stage1_only,Stage-1-only,stage1_only_N25_seed840025102,,,best8,8,68F75E49AFF6F926B0CA210760152074DD9C1E587BB79139F518CB5C4CD84134,0.06252520671091394,0.9378781006637074,0.06666666666666679,finite,72,4363,finite,314136,False,True,descriptive limited-sample matched validation
five_seed_matched_validation,25,840025102,same_stage1_state_direct,Direct-XY,same_stage1_state_direct_N25_seed840025102_p1_b400,1,400,ground,1,98810171DD7717444EC694FE16155683A6071BB940D061EF9DAD94FDD85CA8C8,0.007932149435925982,0.9532820749194257,0.008320883864932037,finite,579,7896,finite,4571784,False,True,descriptive limited-sample matched validation
five_seed_matched_validation,25,840025102,same_stage1_state_direct,Direct-XY,same_stage1_state_direct_N25_seed840025102_p1_b400,1,400,best2,2,D74BEA855975D465119B6ACA9E6792C104367DC4E420B7DD9320C963EBE95214,0.015865544570350658,0.9532820749194257,0.01664307447687156,finite,288,7896,finite,2274048,False,True,descriptive limited-sample matched validation
five_seed_matched_validation,25,840025102,same_stage1_state_direct,Direct-XY,same_stage1_state_direct_N25_seed840025102_p1_b400,1,400,best8,8,68F75E49AFF6F926B0CA210760152074DD9C1E587BB79139F518CB5C4CD84134,0.06347379860515925,0.9532820749194257,0.06658448771369613,finite,71,7896,finite,560616,False,True,descriptive limited-sample matched validation
five_seed_matched_validation,25,840025102,decoupled_native_direct,d-XY,decoupled_native_direct_N25_seed840025102_p12_b400,12,400,ground,1,98810171DD7717444EC694FE16155683A6071BB940D061EF9DAD94FDD85CA8C8,0.021455518913492018,0.9501143225712785,0.022582039238633205,finite,213,45859,finite,9767967,False,True,descriptive limited-sample matched validation
five_seed_matched_validation,25,840025102,decoupled_native_direct,d-XY,decoupled_native_direct_N25_seed840025102_p12_b400,12,400,best2,2,D74BEA855975D465119B6ACA9E6792C104367DC4E420B7DD9320C963EBE95214,0.040560364471709534,0.9501143225712785,0.04268998320322306,finite,112,45859,finite,5136208,False,True,descriptive limited-sample matched validation
five_seed_matched_validation,25,840025102,decoupled_native_direct,d-XY,decoupled_native_direct_N25_seed840025102_p12_b400,12,400,best8,8,68F75E49AFF6F926B0CA210760152074DD9C1E587BB79139F518CB5C4CD84134,0.14774562350642118,0.9501143225712785,0.15550299579379,finite,29,45859,finite,1329911,False,True,descriptive limited-sample matched validation
five_seed_matched_validation,25,840025102,ordinary_native_direct,StdXY,ordinary_native_direct_N25_seed840025102_p8_b800,8,800,ground,1,98810171DD7717444EC694FE16155683A6071BB940D061EF9DAD94FDD85CA8C8,0.01197728538468185,0.8068591374448116,0.014844332584014498,finite,383,31727,finite,12151441,False,True,descriptive limited-sample matched validation
five_seed_matched_validation,25,840025102,ordinary_native_direct,StdXY,ordinary_native_direct_N25_seed840025102_p8_b800,8,800,best2,2,D74BEA855975D465119B6ACA9E6792C104367DC4E420B7DD9320C963EBE95214,0.023398856542084213,0.8068591374448116,0.028999927566271965,finite,195,31727,finite,6186765,False,True,descriptive limited-sample matched validation
five_seed_matched_validation,25,840025102,ordinary_native_direct,StdXY,ordinary_native_direct_N25_seed840025102_p8_b800,8,800,best8,8,68F75E49AFF6F926B0CA210760152074DD9C1E587BB79139F518CB5C4CD84134,0.08968401420332639,0.8068591374448116,0.11115200911938695,finite,50,31727,finite,1586350,False,True,descriptive limited-sample matched validation
secondary_native_grover_initial_five_screen,25,840025102,native_grover_d,NativeGrover-d,native_grover_d_N25_seed840025102_p24_b400,24,400,ground,1,98810171DD7717444EC694FE16155683A6071BB940D061EF9DAD94FDD85CA8C8,0.0020886702079829997,0.20447232439569454,0.010214928666536838,finite,2203,102295,finite,225355885,True,False,secondary descriptive resource-saving screen
secondary_native_grover_initial_five_screen,25,840025102,native_grover_d,NativeGrover-d,native_grover_d_N25_seed840025102_p24_b400,24,400,best2,2,D74BEA855975D465119B6ACA9E6792C104367DC4E420B7DD9320C963EBE95214,0.004177431026236817,0.20447232439569454,0.02043030047505431,finite,1101,102295,finite,112626795,True,False,secondary descriptive resource-saving screen
secondary_native_grover_initial_five_screen,25,840025102,native_grover_d,NativeGrover-d,native_grover_d_N25_seed840025102_p24_b400,24,400,best8,8,68F75E49AFF6F926B0CA210760152074DD9C1E587BB79139F518CB5C4CD84134,0.016634219321623792,0.20447232439569454,0.08135193538189195,finite,275,102295,finite,28131125,True,False,secondary descriptive resource-saving screen
five_seed_matched_validation,25,840025103,learned_projector,LP-QAOA,learned_projector_N25_seed840025103_p16_b800,16,800,ground,1,3A71B379A9265E1981FB41FB3ADECAD47FB68D9FA5DB5B7184A82F7DD886D1F8,0.5257394504151232,0.9835803442570121,0.5345160194434976,finite,7,98651,finite,690557,False,True,descriptive limited-sample matched validation
five_seed_matched_validation,25,840025103,learned_projector,LP-QAOA,learned_projector_N25_seed840025103_p16_b800,16,800,best2,2,B956E5DAD23C417F099D296190BE97F656DC9EA48656C7E5FC4305E79585AF81,0.7028957787159092,0.9835803442570121,0.7146297532479368,finite,4,98651,finite,394604,False,True,descriptive limited-sample matched validation
five_seed_matched_validation,25,840025103,learned_projector,LP-QAOA,learned_projector_N25_seed840025103_p16_b800,16,800,best8,8,3F4886374A3B3EDA53D50485838528D3CFCCA0185A03164C5EC8DCD4518CDDB3,0.9760459487521409,0.9835803442570121,0.9923398270930651,finite,2,98651,finite,197302,False,True,descriptive limited-sample matched validation
five_seed_matched_validation,25,840025103,stage1_only,Stage-1-only,stage1_only_N25_seed840025103,,,ground,1,3A71B379A9265E1981FB41FB3ADECAD47FB68D9FA5DB5B7184A82F7DD886D1F8,0.007815650838864293,0.9378781006637074,0.008333333333333403,finite,587,4363,finite,2561081,False,True,descriptive limited-sample matched validation
five_seed_matched_validation,25,840025103,stage1_only,Stage-1-only,stage1_only_N25_seed840025103,,,best2,2,B956E5DAD23C417F099D296190BE97F656DC9EA48656C7E5FC4305E79585AF81,0.01563130167772855,0.9378781006637074,0.016666666666666767,finite,293,4363,finite,1278359,False,True,descriptive limited-sample matched validation
five_seed_matched_validation,25,840025103,stage1_only,Stage-1-only,stage1_only_N25_seed840025103,,,best8,8,3F4886374A3B3EDA53D50485838528D3CFCCA0185A03164C5EC8DCD4518CDDB3,0.06252520671091424,0.9378781006637074,0.06666666666666711,finite,72,4363,finite,314136,False,True,descriptive limited-sample matched validation
five_seed_matched_validation,25,840025103,same_stage1_state_direct,Direct-XY,same_stage1_state_direct_N25_seed840025103_p1_b400,1,400,ground,1,3A71B379A9265E1981FB41FB3ADECAD47FB68D9FA5DB5B7184A82F7DD886D1F8,0.007932192694014253,0.9532463744684528,0.008321240873785002,finite,579,7896,finite,4571784,False,True,descriptive limited-sample matched validation
five_seed_matched_validation,25,840025103,same_stage1_state_direct,Direct-XY,same_stage1_state_direct_N25_seed840025103_p1_b400,1,400,best2,2,B956E5DAD23C417F099D296190BE97F656DC9EA48656C7E5FC4305E79585AF81,0.015866640693550788,0.9532463744684528,0.01664484766847218,finite,288,7896,finite,2274048,False,True,descriptive limited-sample matched validation
five_seed_matched_validation,25,840025103,same_stage1_state_direct,Direct-XY,same_stage1_state_direct_N25_seed840025103_p1_b400,1,400,best8,8,3F4886374A3B3EDA53D50485838528D3CFCCA0185A03164C5EC8DCD4518CDDB3,0.06347652262973605,0.9532463744684528,0.06658983902785016,finite,71,7896,finite,560616,False,True,descriptive limited-sample matched validation
five_seed_matched_validation,25,840025103,decoupled_native_direct,d-XY,decoupled_native_direct_N25_seed840025103_p12_b400,12,400,ground,1,3A71B379A9265E1981FB41FB3ADECAD47FB68D9FA5DB5B7184A82F7DD886D1F8,0.01733142322380182,0.7805692297427572,0.02220356960459936,finite,264,45859,finite,12106776,False,True,descriptive limited-sample matched validation
five_seed_matched_validation,25,840025103,decoupled_native_direct,d-XY,decoupled_native_direct_N25_seed840025103_p12_b400,12,400,best2,2,B956E5DAD23C417F099D296190BE97F656DC9EA48656C7E5FC4305E79585AF81,0.033441820320879063,0.7805692297427572,0.04284286267843287,finite,136,45859,finite,6236824,False,True,descriptive limited-sample matched validation
five_seed_matched_validation,25,840025103,decoupled_native_direct,d-XY,decoupled_native_direct_N25_seed840025103_p12_b400,12,400,best8,8,3F4886374A3B3EDA53D50485838528D3CFCCA0185A03164C5EC8DCD4518CDDB3,0.11495632462873072,0.7805692297427572,0.14727242664512344,finite,38,45859,finite,1742642,False,True,descriptive limited-sample matched validation
five_seed_matched_validation,25,840025103,ordinary_native_direct,StdXY,ordinary_native_direct_N25_seed840025103_p8_b800,8,800,ground,1,3A71B379A9265E1981FB41FB3ADECAD47FB68D9FA5DB5B7184A82F7DD886D1F8,0.011864400082976255,0.8003209357616349,0.014824552942233553,finite,386,31727,finite,12246622,False,True,descriptive limited-sample matched validation
five_seed_matched_validation,25,840025103,ordinary_native_direct,StdXY,ordinary_native_direct_N25_seed840025103_p8_b800,8,800,best2,2,B956E5DAD23C417F099D296190BE97F656DC9EA48656C7E5FC4305E79585AF81,0.023482108186207683,0.8003209357616349,0.029340864566863613,finite,194,31727,finite,6155038,False,True,descriptive limited-sample matched validation
five_seed_matched_validation,25,840025103,ordinary_native_direct,StdXY,ordinary_native_direct_N25_seed840025103_p8_b800,8,800,best8,8,3F4886374A3B3EDA53D50485838528D3CFCCA0185A03164C5EC8DCD4518CDDB3,0.08519437748636105,0.8003209357616349,0.1064502672359618,finite,52,31727,finite,1649804,False,True,descriptive limited-sample matched validation
secondary_native_grover_initial_five_screen,25,840025103,native_grover_d,NativeGrover-d,native_grover_d_N25_seed840025103_p24_b400,24,400,ground,1,3A71B379A9265E1981FB41FB3ADECAD47FB68D9FA5DB5B7184A82F7DD886D1F8,0.0032983110084944876,0.24459524432314478,0.013484771617787277,finite,1394,102295,finite,142599230,True,False,secondary descriptive resource-saving screen
secondary_native_grover_initial_five_screen,25,840025103,native_grover_d,NativeGrover-d,native_grover_d_N25_seed840025103_p24_b400,24,400,best2,2,B956E5DAD23C417F099D296190BE97F656DC9EA48656C7E5FC4305E79585AF81,0.006470071579404029,0.24459524432314478,0.02645215608058247,finite,710,102295,finite,72629450,True,False,secondary descriptive resource-saving screen
secondary_native_grover_initial_five_screen,25,840025103,native_grover_d,NativeGrover-d,native_grover_d_N25_seed840025103_p24_b400,24,400,best8,8,3F4886374A3B3EDA53D50485838528D3CFCCA0185A03164C5EC8DCD4518CDDB3,0.02414211230554659,0.24459524432314478,0.09870229640953876,finite,189,102295,finite,19333755,True,False,secondary descriptive resource-saving screen
five_seed_matched_validation,25,840025104,learned_projector,LP-QAOA,learned_projector_N25_seed840025104_p16_b800,16,800,ground,1,E27F3EB1CFED3CD38E9404B15EBB462F83F7CA45B0FCA2074AD1031FE0CFAF8D,0.556868787749353,0.985096999355992,0.5652933549827138,finite,6,98651,finite,591906,False,True,descriptive limited-sample matched validation
five_seed_matched_validation,25,840025104,learned_projector,LP-QAOA,learned_projector_N25_seed840025104_p16_b800,16,800,best2,2,D3CE73A995E14B6CEA35E1EA9446E605D0AC099B58A2C6F40DFB7FB221E56B47,0.8054970949008078,0.985096999355992,0.8176830255572823,finite,3,98651,finite,295953,False,True,descriptive limited-sample matched validation
five_seed_matched_validation,25,840025104,learned_projector,LP-QAOA,learned_projector_N25_seed840025104_p16_b800,16,800,best8,8,25F34A70EAC28CECFB13917E5A86EF3643BB8FAB019BDEE3D69673C8FB83920C,0.9741810972866216,0.985096999355992,0.9889189571417772,finite,2,98651,finite,197302,False,True,descriptive limited-sample matched validation
five_seed_matched_validation,25,840025104,stage1_only,Stage-1-only,stage1_only_N25_seed840025104,,,ground,1,E27F3EB1CFED3CD38E9404B15EBB462F83F7CA45B0FCA2074AD1031FE0CFAF8D,0.007815650838864228,0.9378781006637074,0.008333333333333333,finite,587,4363,finite,2561081,False,True,descriptive limited-sample matched validation
five_seed_matched_validation,25,840025104,stage1_only,Stage-1-only,stage1_only_N25_seed840025104,,,best2,2,D3CE73A995E14B6CEA35E1EA9446E605D0AC099B58A2C6F40DFB7FB221E56B47,0.015631301677728495,0.9378781006637074,0.016666666666666708,finite,293,4363,finite,1278359,False,True,descriptive limited-sample matched validation
five_seed_matched_validation,25,840025104,stage1_only,Stage-1-only,stage1_only_N25_seed840025104,,,best8,8,25F34A70EAC28CECFB13917E5A86EF3643BB8FAB019BDEE3D69673C8FB83920C,0.06252520671091384,0.9378781006637074,0.06666666666666668,finite,72,4363,finite,314136,False,True,descriptive limited-sample matched validation
five_seed_matched_validation,25,840025104,same_stage1_state_direct,Direct-XY,same_stage1_state_direct_N25_seed840025104_p1_b400,1,400,ground,1,E27F3EB1CFED3CD38E9404B15EBB462F83F7CA45B0FCA2074AD1031FE0CFAF8D,0.00790167787383535,0.9475439227974055,0.008339115141499156,finite,581,7896,finite,4587576,False,True,descriptive limited-sample matched validation
five_seed_matched_validation,25,840025104,same_stage1_state_direct,Direct-XY,same_stage1_state_direct_N25_seed840025104_p1_b400,1,400,best2,2,D3CE73A995E14B6CEA35E1EA9446E605D0AC099B58A2C6F40DFB7FB221E56B47,0.015804977138691736,0.9475439227974055,0.01667994143430436,finite,290,7896,finite,2289840,False,True,descriptive limited-sample matched validation
five_seed_matched_validation,25,840025104,same_stage1_state_direct,Direct-XY,same_stage1_state_direct_N25_seed840025104_p1_b400,1,400,best8,8,25F34A70EAC28CECFB13917E5A86EF3643BB8FAB019BDEE3D69673C8FB83920C,0.06321263313700623,0.9475439227974055,0.06671208755197909,finite,71,7896,finite,560616,False,True,descriptive limited-sample matched validation
five_seed_matched_validation,25,840025104,decoupled_native_direct,d-XY,decoupled_native_direct_N25_seed840025104_p12_b400,12,400,ground,1,E27F3EB1CFED3CD38E9404B15EBB462F83F7CA45B0FCA2074AD1031FE0CFAF8D,0.01592454962388206,0.7215131721352702,0.022071044907959775,finite,287,45859,finite,13161533,False,True,descriptive limited-sample matched validation
five_seed_matched_validation,25,840025104,decoupled_native_direct,d-XY,decoupled_native_direct_N25_seed840025104_p12_b400,12,400,best2,2,D3CE73A995E14B6CEA35E1EA9446E605D0AC099B58A2C6F40DFB7FB221E56B47,0.03227745215688069,0.7215131721352702,0.044735776702950154,finite,141,45859,finite,6466119,False,True,descriptive limited-sample matched validation
five_seed_matched_validation,25,840025104,decoupled_native_direct,d-XY,decoupled_native_direct_N25_seed840025104_p12_b400,12,400,best8,8,25F34A70EAC28CECFB13917E5A86EF3643BB8FAB019BDEE3D69673C8FB83920C,0.11097041512300668,0.7215131721352702,0.15380234125816042,finite,40,45859,finite,1834360,False,True,descriptive limited-sample matched validation
five_seed_matched_validation,25,840025104,ordinary_native_direct,StdXY,ordinary_native_direct_N25_seed840025104_p8_b800,8,800,ground,1,E27F3EB1CFED3CD38E9404B15EBB462F83F7CA45B0FCA2074AD1031FE0CFAF8D,0.01445224256782283,0.9093860278441271,0.01589230769476921,finite,317,31727,finite,10057459,False,True,descriptive limited-sample matched validation
five_seed_matched_validation,25,840025104,ordinary_native_direct,StdXY,ordinary_native_direct_N25_seed840025104_p8_b800,8,800,best2,2,D3CE73A995E14B6CEA35E1EA9446E605D0AC099B58A2C6F40DFB7FB221E56B47,0.030294386070547116,0.9093860278441271,0.03331301025414447,finite,150,31727,finite,4759050,False,True,descriptive limited-sample matched validation
five_seed_matched_validation,25,840025104,ordinary_native_direct,StdXY,ordinary_native_direct_N25_seed840025104_p8_b800,8,800,best8,8,25F34A70EAC28CECFB13917E5A86EF3643BB8FAB019BDEE3D69673C8FB83920C,0.11152903011997284,0.9093860278441271,0.12264211974355231,finite,39,31727,finite,1237353,False,True,descriptive limited-sample matched validation
secondary_native_grover_initial_five_screen,25,840025104,native_grover_d,NativeGrover-d,native_grover_d_N25_seed840025104_p24_b400,24,400,ground,1,E27F3EB1CFED3CD38E9404B15EBB462F83F7CA45B0FCA2074AD1031FE0CFAF8D,0.0026742516766666987,0.23399239373167063,0.01142879746652526,finite,1720,102295,finite,175947400,True,False,secondary descriptive resource-saving screen
secondary_native_grover_initial_five_screen,25,840025104,native_grover_d,NativeGrover-d,native_grover_d_N25_seed840025104_p24_b400,24,400,best2,2,D3CE73A995E14B6CEA35E1EA9446E605D0AC099B58A2C6F40DFB7FB221E56B47,0.005323739722701186,0.23399239373167063,0.022751764011637716,finite,863,102295,finite,88280585,True,False,secondary descriptive resource-saving screen
secondary_native_grover_initial_five_screen,25,840025104,native_grover_d,NativeGrover-d,native_grover_d_N25_seed840025104_p24_b400,24,400,best8,8,25F34A70EAC28CECFB13917E5A86EF3643BB8FAB019BDEE3D69673C8FB83920C,0.020714246243800874,0.23399239373167063,0.08852529739729408,finite,221,102295,finite,22607195,True,False,secondary descriptive resource-saving screen
five_seed_matched_validation,25,840025105,learned_projector,LP-QAOA,learned_projector_N25_seed840025105_p16_b800,16,800,ground,1,F72BFE8E6C68802EA518802D5EBAB82C25455902B194A4078462E09381EFB0C0,0.7571899375079405,0.9267612703352619,0.8170280327252153,finite,4,98651,finite,394604,False,True,descriptive limited-sample matched validation
five_seed_matched_validation,25,840025105,learned_projector,LP-QAOA,learned_projector_N25_seed840025105_p16_b800,16,800,best2,2,77BDBEEFE82931249911C7A8BB3E44B29D5BBEE4070329BEFABCF8CC4507E2ED,0.8464627321029281,0.9267612703352619,0.9133557467250598,finite,3,98651,finite,295953,False,True,descriptive limited-sample matched validation
five_seed_matched_validation,25,840025105,learned_projector,LP-QAOA,learned_projector_N25_seed840025105_p16_b800,16,800,best8,8,33D3CF502543DCE509D3EDE7FDF7E72E5A21E1EC4E5CB8F0E206435FBC864D0A,0.8934662500616535,0.9267612703352619,0.9640737897241177,finite,3,98651,finite,295953,False,True,descriptive limited-sample matched validation
five_seed_matched_validation,25,840025105,stage1_only,Stage-1-only,stage1_only_N25_seed840025105,,,ground,1,F72BFE8E6C68802EA518802D5EBAB82C25455902B194A4078462E09381EFB0C0,0.007815650838864268,0.9378781006637074,0.008333333333333377,finite,587,4363,finite,2561081,False,True,descriptive limited-sample matched validation
five_seed_matched_validation,25,840025105,stage1_only,Stage-1-only,stage1_only_N25_seed840025105,,,best2,2,77BDBEEFE82931249911C7A8BB3E44B29D5BBEE4070329BEFABCF8CC4507E2ED,0.01563130167772852,0.9378781006637074,0.016666666666666736,finite,293,4363,finite,1278359,False,True,descriptive limited-sample matched validation
five_seed_matched_validation,25,840025105,stage1_only,Stage-1-only,stage1_only_N25_seed840025105,,,best8,8,33D3CF502543DCE509D3EDE7FDF7E72E5A21E1EC4E5CB8F0E206435FBC864D0A,0.06252520671091383,0.9378781006637074,0.06666666666666667,finite,72,4363,finite,314136,False,True,descriptive limited-sample matched validation
five_seed_matched_validation,25,840025105,same_stage1_state_direct,Direct-XY,same_stage1_state_direct_N25_seed840025105_p1_b400,1,400,ground,1,F72BFE8E6C68802EA518802D5EBAB82C25455902B194A4078462E09381EFB0C0,0.007932475186827591,0.9512651175544429,0.00833886898661939,finite,579,7896,finite,4571784,False,True,descriptive limited-sample matched validation
five_seed_matched_validation,25,840025105,same_stage1_state_direct,Direct-XY,same_stage1_state_direct_N25_seed840025105_p1_b400,1,400,best2,2,77BDBEEFE82931249911C7A8BB3E44B29D5BBEE4070329BEFABCF8CC4507E2ED,0.015863513071602622,0.9512651175544429,0.016676227035829178,finite,288,7896,finite,2274048,False,True,descriptive limited-sample matched validation
five_seed_matched_validation,25,840025105,same_stage1_state_direct,Direct-XY,same_stage1_state_direct_N25_seed840025105_p1_b400,1,400,best8,8,33D3CF502543DCE509D3EDE7FDF7E72E5A21E1EC4E5CB8F0E206435FBC864D0A,0.06345585449490214,0.9512651175544429,0.06670680268192472,finite,71,7896,finite,560616,False,True,descriptive limited-sample matched validation
five_seed_matched_validation,25,840025105,decoupled_native_direct,d-XY,decoupled_native_direct_N25_seed840025105_p12_b400,12,400,ground,1,F72BFE8E6C68802EA518802D5EBAB82C25455902B194A4078462E09381EFB0C0,0.010016948195215576,0.740387931395196,0.013529323980659055,finite,458,45859,finite,21003422,False,True,descriptive limited-sample matched validation
five_seed_matched_validation,25,840025105,decoupled_native_direct,d-XY,decoupled_native_direct_N25_seed840025105_p12_b400,12,400,best2,2,77BDBEEFE82931249911C7A8BB3E44B29D5BBEE4070329BEFABCF8CC4507E2ED,0.019726269311988013,0.740387931395196,0.026643153508479792,finite,232,45859,finite,10639288,False,True,descriptive limited-sample matched validation
five_seed_matched_validation,25,840025105,decoupled_native_direct,d-XY,decoupled_native_direct_N25_seed840025105_p12_b400,12,400,best8,8,33D3CF502543DCE509D3EDE7FDF7E72E5A21E1EC4E5CB8F0E206435FBC864D0A,0.07312340526241587,0.740387931395196,0.09876363749557782,finite,61,45859,finite,2797399,False,True,descriptive limited-sample matched validation
five_seed_matched_validation,25,840025105,ordinary_native_direct,StdXY,ordinary_native_direct_N25_seed840025105_p8_b800,8,800,ground,1,F72BFE8E6C68802EA518802D5EBAB82C25455902B194A4078462E09381EFB0C0,0.015330366701788362,0.9546392902290983,0.016058805518165208,finite,299,31727,finite,9486373,False,True,descriptive limited-sample matched validation
five_seed_matched_validation,25,840025105,ordinary_native_direct,StdXY,ordinary_native_direct_N25_seed840025105_p8_b800,8,800,best2,2,77BDBEEFE82931249911C7A8BB3E44B29D5BBEE4070329BEFABCF8CC4507E2ED,0.029549302440312404,0.9546392902290983,0.030953369238784462,finite,154,31727,finite,4885958,False,True,descriptive limited-sample matched validation
five_seed_matched_validation,25,840025105,ordinary_native_direct,StdXY,ordinary_native_direct_N25_seed840025105_p8_b800,8,800,best8,8,33D3CF502543DCE509D3EDE7FDF7E72E5A21E1EC4E5CB8F0E206435FBC864D0A,0.11101900898262129,0.9546392902290983,0.11629419626755409,finite,40,31727,finite,1269080,False,True,descriptive limited-sample matched validation
secondary_native_grover_initial_five_screen,25,840025105,native_grover_d,NativeGrover-d,native_grover_d_N25_seed840025105_p24_b400,24,400,ground,1,F72BFE8E6C68802EA518802D5EBAB82C25455902B194A4078462E09381EFB0C0,0.0020685117718174306,0.20426540665609305,0.010126588763510186,finite,2225,102295,finite,227606375,True,False,secondary descriptive resource-saving screen
secondary_native_grover_initial_five_screen,25,840025105,native_grover_d,NativeGrover-d,native_grover_d_N25_seed840025105_p24_b400,24,400,best2,2,77BDBEEFE82931249911C7A8BB3E44B29D5BBEE4070329BEFABCF8CC4507E2ED,0.0041047912708913736,0.20426540665609305,0.020095381484748,finite,1120,102295,finite,114570400,True,False,secondary descriptive resource-saving screen
secondary_native_grover_initial_five_screen,25,840025105,native_grover_d,NativeGrover-d,native_grover_d_N25_seed840025105_p24_b400,24,400,best8,8,33D3CF502543DCE509D3EDE7FDF7E72E5A21E1EC4E5CB8F0E206435FBC864D0A,0.016134476373443722,0.20426540665609305,0.07898780629364315,finite,284,102295,finite,29051780,True,False,secondary descriptive resource-saving screen
five_seed_matched_validation,25,840025106,learned_projector,LP-QAOA,learned_projector_N25_seed840025106_p16_b800,16,800,ground,1,144877643DCD2DE4A5AE03FA70546EB30C0837C34166F9DF260A3D99885EBE19,0.726067256917225,0.980905777317205,0.7402008161304056,finite,4,98651,finite,394604,False,True,descriptive limited-sample matched validation
five_seed_matched_validation,25,840025106,learned_projector,LP-QAOA,learned_projector_N25_seed840025106_p16_b800,16,800,best2,2,D55173CE9905C0824641EC2C21290E7E97725A3A91BDE8FB464EE22FB688954C,0.8693123120958318,0.980905777317205,0.8862342665300807,finite,3,98651,finite,295953,False,True,descriptive limited-sample matched validation
five_seed_matched_validation,25,840025106,learned_projector,LP-QAOA,learned_projector_N25_seed840025106_p16_b800,16,800,best8,8,FFD69801EDAA6789D101E7735411B2BFFA611BF636CFD3E0898CC1DE3313F839,0.9659528647738188,0.980905777317205,0.9847560154204794,finite,2,98651,finite,197302,False,True,descriptive limited-sample matched validation
five_seed_matched_validation,25,840025106,stage1_only,Stage-1-only,stage1_only_N25_seed840025106,,,ground,1,144877643DCD2DE4A5AE03FA70546EB30C0837C34166F9DF260A3D99885EBE19,0.007815650838864326,0.9378781006637074,0.008333333333333437,finite,587,4363,finite,2561081,False,True,descriptive limited-sample matched validation
five_seed_matched_validation,25,840025106,stage1_only,Stage-1-only,stage1_only_N25_seed840025106,,,best2,2,D55173CE9905C0824641EC2C21290E7E97725A3A91BDE8FB464EE22FB688954C,0.015631301677728488,0.9378781006637074,0.0166666666666667,finite,293,4363,finite,1278359,False,True,descriptive limited-sample matched validation
five_seed_matched_validation,25,840025106,stage1_only,Stage-1-only,stage1_only_N25_seed840025106,,,best8,8,FFD69801EDAA6789D101E7735411B2BFFA611BF636CFD3E0898CC1DE3313F839,0.06252520671091402,0.9378781006637074,0.06666666666666687,finite,72,4363,finite,314136,False,True,descriptive limited-sample matched validation
five_seed_matched_validation,25,840025106,same_stage1_state_direct,Direct-XY,same_stage1_state_direct_N25_seed840025106_p1_b400,1,400,ground,1,144877643DCD2DE4A5AE03FA70546EB30C0837C34166F9DF260A3D99885EBE19,0.007852781606319437,0.94203045615128,0.008336016691437378,finite,585,7896,finite,4619160,False,True,descriptive limited-sample matched validation
five_seed_matched_validation,25,840025106,same_stage1_state_direct,Direct-XY,same_stage1_state_direct_N25_seed840025106_p1_b400,1,400,best2,2,D55173CE9905C0824641EC2C21290E7E97725A3A91BDE8FB464EE22FB688954C,0.015705224625306297,0.94203045615128,0.016671673959959745,finite,291,7896,finite,2297736,False,True,descriptive limited-sample matched validation
five_seed_matched_validation,25,840025106,same_stage1_state_direct,Direct-XY,same_stage1_state_direct_N25_seed840025106_p1_b400,1,400,best8,8,FFD69801EDAA6789D101E7735411B2BFFA611BF636CFD3E0898CC1DE3313F839,0.06281856824993567,0.94203045615128,0.06668422219233185,finite,71,7896,finite,560616,False,True,descriptive limited-sample matched validation
five_seed_matched_validation,25,840025106,decoupled_native_direct,d-XY,decoupled_native_direct_N25_seed840025106_p12_b400,12,400,ground,1,144877643DCD2DE4A5AE03FA70546EB30C0837C34166F9DF260A3D99885EBE19,0.011470189216140523,0.7097959846039602,0.01615983953831531,finite,400,45859,finite,18343600,False,True,descriptive limited-sample matched validation
five_seed_matched_validation,25,840025106,decoupled_native_direct,d-XY,decoupled_native_direct_N25_seed840025106_p12_b400,12,400,best2,2,D55173CE9905C0824641EC2C21290E7E97725A3A91BDE8FB464EE22FB688954C,0.024891490562037648,0.7097959846039602,0.035068514195563075,finite,183,45859,finite,8392197,False,True,descriptive limited-sample matched validation
five_seed_matched_validation,25,840025106,decoupled_native_direct,d-XY,decoupled_native_direct_N25_seed840025106_p12_b400,12,400,best8,8,FFD69801EDAA6789D101E7735411B2BFFA611BF636CFD3E0898CC1DE3313F839,0.08902750835682471,0.7097959846039602,0.12542689771131738,finite,50,45859,finite,2292950,False,True,descriptive limited-sample matched validation
five_seed_matched_validation,25,840025106,ordinary_native_direct,StdXY,ordinary_native_direct_N25_seed840025106_p8_b800,8,800,ground,1,144877643DCD2DE4A5AE03FA70546EB30C0837C34166F9DF260A3D99885EBE19,0.012782787662523578,0.8777697058151558,0.014562803407133566,finite,358,31727,finite,11358266,False,True,descriptive limited-sample matched validation
five_seed_matched_validation,25,840025106,ordinary_native_direct,StdXY,ordinary_native_direct_N25_seed840025106_p8_b800,8,800,best2,2,D55173CE9905C0824641EC2C21290E7E97725A3A91BDE8FB464EE22FB688954C,0.027587537188030746,0.8777697058151558,0.031429128853804666,finite,165,31727,finite,5234955,False,True,descriptive limited-sample matched validation
five_seed_matched_validation,25,840025106,ordinary_native_direct,StdXY,ordinary_native_direct_N25_seed840025106_p8_b800,8,800,best8,8,FFD69801EDAA6789D101E7735411B2BFFA611BF636CFD3E0898CC1DE3313F839,0.10271215421819277,0.8777697058151558,0.11701492263600893,finite,43,31727,finite,1364261,False,True,descriptive limited-sample matched validation
secondary_native_grover_initial_five_screen,25,840025106,native_grover_d,NativeGrover-d,native_grover_d_N25_seed840025106_p24_b400,24,400,ground,1,144877643DCD2DE4A5AE03FA70546EB30C0837C34166F9DF260A3D99885EBE19,0.0024361170509947187,0.19510537814485332,0.012486160423451048,finite,1889,102295,finite,193235255,True,False,secondary descriptive resource-saving screen
secondary_native_grover_initial_five_screen,25,840025106,native_grover_d,NativeGrover-d,native_grover_d_N25_seed840025106_p24_b400,24,400,best2,2,D55173CE9905C0824641EC2C21290E7E97725A3A91BDE8FB464EE22FB688954C,0.004770156106658667,0.19510537814485332,0.02444912668228515,finite,964,102295,finite,98612380,True,False,secondary descriptive resource-saving screen
secondary_native_grover_initial_five_screen,25,840025106,native_grover_d,NativeGrover-d,native_grover_d_N25_seed840025106_p24_b400,24,400,best8,8,FFD69801EDAA6789D101E7735411B2BFFA611BF636CFD3E0898CC1DE3313F839,0.018161295613778352,0.19510537814485332,0.09308454634343676,finite,252,102295,finite,25778340,True,False,secondary descriptive resource-saving screen
five_seed_matched_validation,30,840030101,learned_projector,LP-QAOA,learned_projector_N30_seed840030101_p96_b800,96,800,ground,1,6C3C4FCA1521BE6B906378F72EAFE0C40425C785BCDBFCA88C0264C55BA0C0E8,0.5919499144843234,0.9794715444056996,0.6043564183822131,finite,6,1505215,finite,9031290,False,True,descriptive limited-sample matched validation
five_seed_matched_validation,30,840030101,learned_projector,LP-QAOA,learned_projector_N30_seed840030101_p96_b800,96,800,best2,2,2EC5E38566DE3404A2B4E511A2B994C8946DCCE1998CFC0BA883433371FAE7EE,0.8497698489561574,0.9794715444056996,0.8675799249193712,finite,3,1505215,finite,4515645,False,True,descriptive limited-sample matched validation
five_seed_matched_validation,30,840030101,learned_projector,LP-QAOA,learned_projector_N30_seed840030101_p96_b800,96,800,best8,8,EA26530F5477B7A536BA024ECF2608AE2C85F25BD945FBA78B6FBE3FCCFA37A3,0.9620190906372061,0.9794715444056996,0.9821817653936207,finite,2,1505215,finite,3010430,False,True,descriptive limited-sample matched validation
five_seed_matched_validation,30,840030101,stage1_only,Stage-1-only,stage1_only_N30_seed840030101,,,ground,1,6C3C4FCA1521BE6B906378F72EAFE0C40425C785BCDBFCA88C0264C55BA0C0E8,0.00015457801917406815,0.9724174059679849,0.00015896262060446638,finite,29790,13375,finite,398441250,False,True,descriptive limited-sample matched validation
five_seed_matched_validation,30,840030101,stage1_only,Stage-1-only,stage1_only_N30_seed840030101,,,best2,2,2EC5E38566DE3404A2B4E511A2B994C8946DCCE1998CFC0BA883433371FAE7EE,0.0002808063249978401,0.9724174059679849,0.00028877138898836735,finite,16398,13375,finite,219323250,False,True,descriptive limited-sample matched validation
five_seed_matched_validation,30,840030101,stage1_only,Stage-1-only,stage1_only_N30_seed840030101,,,best8,8,EA26530F5477B7A536BA024ECF2608AE2C85F25BD945FBA78B6FBE3FCCFA37A3,0.0011388632323024906,0.9724174059679849,0.001171167057801499,finite,4042,13375,finite,54061750,False,True,descriptive limited-sample matched validation
five_seed_matched_validation,30,840030101,same_stage1_state_direct,Direct-XY,same_stage1_state_direct_N30_seed840030101_p1_b400,1,400,ground,1,6C3C4FCA1521BE6B906378F72EAFE0C40425C785BCDBFCA88C0264C55BA0C0E8,0.0001554391836738951,0.9738288813476926,0.00015961652673391764,finite,29625,25590,finite,758103750,False,True,descriptive limited-sample matched validation
five_seed_matched_validation,30,840030101,same_stage1_state_direct,Direct-XY,same_stage1_state_direct_N30_seed840030101_p1_b400,1,400,best2,2,2EC5E38566DE3404A2B4E511A2B994C8946DCCE1998CFC0BA883433371FAE7EE,0.00028237217456328204,0.9738288813476926,0.00028996077234072585,finite,16307,25590,finite,417296130,False,True,descriptive limited-sample matched validation
five_seed_matched_validation,30,840030101,same_stage1_state_direct,Direct-XY,same_stage1_state_direct_N30_seed840030101_p1_b400,1,400,best8,8,EA26530F5477B7A536BA024ECF2608AE2C85F25BD945FBA78B6FBE3FCCFA37A3,0.001146246161395029,0.9738288813476926,0.001177050900163,finite,4016,25590,finite,102769440,False,True,descriptive limited-sample matched validation
five_seed_matched_validation,30,840030101,decoupled_native_direct,d-XY,decoupled_native_direct_N30_seed840030101_p24_b400,24,400,ground,1,6C3C4FCA1521BE6B906378F72EAFE0C40425C785BCDBFCA88C0264C55BA0C0E8,0.003051446615754968,0.9686795624154203,0.0031501094212684016,finite,1507,305275,finite,460049425,False,True,descriptive limited-sample matched validation
five_seed_matched_validation,30,840030101,decoupled_native_direct,d-XY,decoupled_native_direct_N30_seed840030101_p24_b400,24,400,best2,2,2EC5E38566DE3404A2B4E511A2B994C8946DCCE1998CFC0BA883433371FAE7EE,0.005570672086895764,0.9686795624154203,0.005750789325011865,finite,825,305275,finite,251851875,False,True,descriptive limited-sample matched validation
five_seed_matched_validation,30,840030101,decoupled_native_direct,d-XY,decoupled_native_direct_N30_seed840030101_p24_b400,24,400,best8,8,EA26530F5477B7A536BA024ECF2608AE2C85F25BD945FBA78B6FBE3FCCFA37A3,0.01643362335485995,0.9686795624154203,0.01696497375652523,finite,278,305275,finite,84866450,False,True,descriptive limited-sample matched validation
five_seed_matched_validation,30,840030101,ordinary_native_direct,StdXY,ordinary_native_direct_N30_seed840030101_p4_b400,4,400,ground,1,6C3C4FCA1521BE6B906378F72EAFE0C40425C785BCDBFCA88C0264C55BA0C0E8,0.00028497834528741316,0.8973544549570606,0.00031757611912791995,finite,16158,60975,finite,985234050,False,True,descriptive limited-sample matched validation
five_seed_matched_validation,30,840030101,ordinary_native_direct,StdXY,ordinary_native_direct_N30_seed840030101_p4_b400,4,400,best2,2,2EC5E38566DE3404A2B4E511A2B994C8946DCCE1998CFC0BA883433371FAE7EE,0.0005173258368285655,0.8973544549570606,0.0005765011071943919,finite,8900,60975,finite,542677500,False,True,descriptive limited-sample matched validation
five_seed_matched_validation,30,840030101,ordinary_native_direct,StdXY,ordinary_native_direct_N30_seed840030101_p4_b400,4,400,best8,8,EA26530F5477B7A536BA024ECF2608AE2C85F25BD945FBA78B6FBE3FCCFA37A3,0.0019109873434901726,0.8973544549570606,0.0021295791567465003,finite,2408,60975,finite,146827800,False,True,descriptive limited-sample matched validation
secondary_native_grover_initial_five_screen,30,840030101,native_grover_d,NativeGrover-d,native_grover_d_N30_seed840030101_p24_b400,24,400,ground,1,6C3C4FCA1521BE6B906378F72EAFE0C40425C785BCDBFCA88C0264C55BA0C0E8,0.000174133352368369,0.986105091642603,0.00017658701272732163,finite,26444,325315,finite,8602629860,True,False,secondary descriptive resource-saving screen
secondary_native_grover_initial_five_screen,30,840030101,native_grover_d,NativeGrover-d,native_grover_d_N30_seed840030101_p24_b400,24,400,best2,2,2EC5E38566DE3404A2B4E511A2B994C8946DCCE1998CFC0BA883433371FAE7EE,0.0003468238350682052,0.986105091642603,0.0003517108247463604,finite,13276,325315,finite,4318881940,True,False,secondary descriptive resource-saving screen
secondary_native_grover_initial_five_screen,30,840030101,native_grover_d,NativeGrover-d,native_grover_d_N30_seed840030101_p24_b400,24,400,best8,8,EA26530F5477B7A536BA024ECF2608AE2C85F25BD945FBA78B6FBE3FCCFA37A3,0.001366476254059233,0.986105091642603,0.0013857308573298486,finite,3368,325315,finite,1095660920,True,False,secondary descriptive resource-saving screen
five_seed_matched_validation,30,840030102,learned_projector,LP-QAOA,learned_projector_N30_seed840030102_p96_b800,96,800,ground,1,31D75DA891A5F0566F68F5CADCF8777019ADA8553BFDF231B4BD80D054D01B9E,0.6771962582165311,0.9919372473126258,0.6827007051617462,finite,5,1505215,finite,7526075,False,True,descriptive limited-sample matched validation
five_seed_matched_validation,30,840030102,learned_projector,LP-QAOA,learned_projector_N30_seed840030102_p96_b800,96,800,best2,2,7AA2A2743E47B8808A52F786A88C763FCDFB46263ED339235961B8ADE81FA674,0.8286839530889846,0.9919372473126258,0.8354197358089638,finite,3,1505215,finite,4515645,False,True,descriptive limited-sample matched validation
five_seed_matched_validation,30,840030102,learned_projector,LP-QAOA,learned_projector_N30_seed840030102_p96_b800,96,800,best8,8,BED964012C7326FE52CF0627987A973B400A7B750DAAF5D2FC13A733568F40D6,0.9426021809623129,0.9919372473126258,0.9502639239690087,finite,2,1505215,finite,3010430,False,True,descriptive limited-sample matched validation
five_seed_matched_validation,30,840030102,stage1_only,Stage-1-only,stage1_only_N30_seed840030102,,,ground,1,31D75DA891A5F0566F68F5CADCF8777019ADA8553BFDF231B4BD80D054D01B9E,0.00015457801917406733,0.9724174059679849,0.00015896262060446554,finite,29790,13375,finite,398441250,False,True,descriptive limited-sample matched validation
five_seed_matched_validation,30,840030102,stage1_only,Stage-1-only,stage1_only_N30_seed840030102,,,best2,2,7AA2A2743E47B8808A52F786A88C763FCDFB46263ED339235961B8ADE81FA674,0.0002808063249978378,0.9724174059679849,0.000288771388988365,finite,16398,13375,finite,219323250,False,True,descriptive limited-sample matched validation
five_seed_matched_validation,30,840030102,stage1_only,Stage-1-only,stage1_only_N30_seed840030102,,,best8,8,BED964012C7326FE52CF0627987A973B400A7B750DAAF5D2FC13A733568F40D6,0.001066525873290765,0.9724174059679849,0.0010967778515123356,finite,4316,13375,finite,57726500,False,True,descriptive limited-sample matched validation
five_seed_matched_validation,30,840030102,same_stage1_state_direct,Direct-XY,same_stage1_state_direct_N30_seed840030102_p1_b400,1,400,ground,1,31D75DA891A5F0566F68F5CADCF8777019ADA8553BFDF231B4BD80D054D01B9E,0.00015605265803512861,0.9743450163586643,0.00016016160129635678,finite,29509,25590,finite,755135310,False,True,descriptive limited-sample matched validation
five_seed_matched_validation,30,840030102,same_stage1_state_direct,Direct-XY,same_stage1_state_direct_N30_seed840030102_p1_b400,1,400,best2,2,7AA2A2743E47B8808A52F786A88C763FCDFB46263ED339235961B8ADE81FA674,0.0002840869321855673,0.9743450163586643,0.00029156708087578763,finite,16209,25590,finite,414788310,False,True,descriptive limited-sample matched validation
five_seed_matched_validation,30,840030102,same_stage1_state_direct,Direct-XY,same_stage1_state_direct_N30_seed840030102_p1_b400,1,400,best8,8,BED964012C7326FE52CF0627987A973B400A7B750DAAF5D2FC13A733568F40D6,0.0010780622091519562,0.9743450163586643,0.001106448117506574,finite,4270,25590,finite,109269300,False,True,descriptive limited-sample matched validation
five_seed_matched_validation,30,840030102,decoupled_native_direct,d-XY,decoupled_native_direct_N30_seed840030102_p24_b400,24,400,ground,1,31D75DA891A5F0566F68F5CADCF8777019ADA8553BFDF231B4BD80D054D01B9E,0.005692107712887006,0.9665697086025233,0.005888977962196554,finite,807,305275,finite,246356925,False,True,descriptive limited-sample matched validation
five_seed_matched_validation,30,840030102,decoupled_native_direct,d-XY,decoupled_native_direct_N30_seed840030102_p24_b400,24,400,best2,2,7AA2A2743E47B8808A52F786A88C763FCDFB46263ED339235961B8ADE81FA674,0.008985237405255767,0.9665697086025233,0.009296005580649446,finite,511,305275,finite,155995525,False,True,descriptive limited-sample matched validation
five_seed_matched_validation,30,840030102,decoupled_native_direct,d-XY,decoupled_native_direct_N30_seed840030102_p24_b400,24,400,best8,8,BED964012C7326FE52CF0627987A973B400A7B750DAAF5D2FC13A733568F40D6,0.023613889094521626,0.9665697086025233,0.024430611557921502,finite,193,305275,finite,58918075,False,True,descriptive limited-sample matched validation
five_seed_matched_validation,30,840030102,ordinary_native_direct,StdXY,ordinary_native_direct_N30_seed840030102_p4_b400,4,400,ground,1,31D75DA891A5F0566F68F5CADCF8777019ADA8553BFDF231B4BD80D054D01B9E,0.00025378228993184565,0.8232520263047074,0.000308268041648177,finite,18144,60975,finite,1106330400,False,True,descriptive limited-sample matched validation
five_seed_matched_validation,30,840030102,ordinary_native_direct,StdXY,ordinary_native_direct_N30_seed840030102_p4_b400,4,400,best2,2,7AA2A2743E47B8808A52F786A88C763FCDFB46263ED339235961B8ADE81FA674,0.0004647630532139041,0.8232520263047074,0.0005645452891261794,finite,9907,60975,finite,604079325,False,True,descriptive limited-sample matched validation
five_seed_matched_validation,30,840030102,ordinary_native_direct,StdXY,ordinary_native_direct_N30_seed840030102_p4_b400,4,400,best8,8,BED964012C7326FE52CF0627987A973B400A7B750DAAF5D2FC13A733568F40D6,0.0016626191609052715,0.8232520263047074,0.002019574939120638,finite,2768,60975,finite,168778800,False,True,descriptive limited-sample matched validation
secondary_native_grover_initial_five_screen,30,840030102,native_grover_d,NativeGrover-d,native_grover_d_N30_seed840030102_p24_b400,24,400,ground,1,31D75DA891A5F0566F68F5CADCF8777019ADA8553BFDF231B4BD80D054D01B9E,0.00018431286080972058,0.6753660555790693,0.0002729080907859485,finite,24984,325315,finite,8127669960,True,False,secondary descriptive resource-saving screen
secondary_native_grover_initial_five_screen,30,840030102,native_grover_d,NativeGrover-d,native_grover_d_N30_seed840030102_p24_b400,24,400,best2,2,7AA2A2743E47B8808A52F786A88C763FCDFB46263ED339235961B8ADE81FA674,0.0003607467470515429,0.6753660555790693,0.0005341499533052977,finite,12764,325315,finite,4152320660,True,False,secondary descriptive resource-saving screen
secondary_native_grover_initial_five_screen,30,840030102,native_grover_d,NativeGrover-d,native_grover_d_N30_seed840030102_p24_b400,24,400,best8,8,BED964012C7326FE52CF0627987A973B400A7B750DAAF5D2FC13A733568F40D6,0.0013768373268463693,0.6753660555790693,0.002038653431679873,finite,3343,325315,finite,1087528045,True,False,secondary descriptive resource-saving screen
five_seed_matched_validation,30,840030103,learned_projector,LP-QAOA,learned_projector_N30_seed840030103_p96_b800,96,800,ground,1,1240DBDBF59252BC13C93E108240D3E37D4502ECFABE16AFBDEAA009DB2A939C,0.598428829938324,0.9688457880268203,0.61767191160226,finite,6,1505215,finite,9031290,False,True,descriptive limited-sample matched validation
five_seed_matched_validation,30,840030103,learned_projector,LP-QAOA,learned_projector_N30_seed840030103_p96_b800,96,800,best2,2,A7DBAF58A25A433C12461BB4BAB6582ECAC8C1D18A89FF466DABD97923654875,0.8066573933494222,0.9688457880268203,0.8325962741627687,finite,3,1505215,finite,4515645,False,True,descriptive limited-sample matched validation
five_seed_matched_validation,30,840030103,learned_projector,LP-QAOA,learned_projector_N30_seed840030103_p96_b800,96,800,best8,8,5B524F1A9F77C1271E1ACBCA404E5CC4FF29F5C833786BD657D79B57A7281DBF,0.9303271184327875,0.9688457880268203,0.9602427237956197,finite,2,1505215,finite,3010430,False,True,descriptive limited-sample matched validation
five_seed_matched_validation,30,840030103,stage1_only,Stage-1-only,stage1_only_N30_seed840030103,,,ground,1,1240DBDBF59252BC13C93E108240D3E37D4502ECFABE16AFBDEAA009DB2A939C,0.0001697244404340299,0.9724174059679849,0.00017453866970334526,finite,27131,13375,finite,362877125,False,True,descriptive limited-sample matched validation
five_seed_matched_validation,30,840030103,stage1_only,Stage-1-only,stage1_only_N30_seed840030103,,,best2,2,A7DBAF58A25A433C12461BB4BAB6582ECAC8C1D18A89FF466DABD97923654875,0.0002959527462578016,0.9724174059679849,0.00030434743808724596,finite,15559,13375,finite,208101625,False,True,descriptive limited-sample matched validation
five_seed_matched_validation,30,840030103,stage1_only,Stage-1-only,stage1_only_N30_seed840030103,,,best8,8,5B524F1A9F77C1271E1ACBCA404E5CC4FF29F5C833786BD657D79B57A7281DBF,0.001267408506963641,0.9724174059679849,0.0013033585157826435,finite,3632,13375,finite,48578000,False,True,descriptive limited-sample matched validation
five_seed_matched_validation,30,840030103,same_stage1_state_direct,Direct-XY,same_stage1_state_direct_N30_seed840030103_p1_b400,1,400,ground,1,1240DBDBF59252BC13C93E108240D3E37D4502ECFABE16AFBDEAA009DB2A939C,0.00017289769003073262,0.9744093135683135,0.00017743846207460452,finite,26633,25590,finite,681538470,False,True,descriptive limited-sample matched validation
five_seed_matched_validation,30,840030103,same_stage1_state_direct,Direct-XY,same_stage1_state_direct_N30_seed840030103_p1_b400,1,400,best2,2,A7DBAF58A25A433C12461BB4BAB6582ECAC8C1D18A89FF466DABD97923654875,0.00030221024666872464,0.9744093135683135,0.0003101471244789548,finite,15236,25590,finite,389889240,False,True,descriptive limited-sample matched validation
five_seed_matched_validation,30,840030103,same_stage1_state_direct,Direct-XY,same_stage1_state_direct_N30_seed840030103_p1_b400,1,400,best8,8,5B524F1A9F77C1271E1ACBCA404E5CC4FF29F5C833786BD657D79B57A7281DBF,0.0012905813984606536,0.9744093135683135,0.0013244756392306117,finite,3566,25590,finite,91253940,False,True,descriptive limited-sample matched validation
five_seed_matched_validation,30,840030103,decoupled_native_direct,d-XY,decoupled_native_direct_N30_seed840030103_p24_b400,24,400,ground,1,1240DBDBF59252BC13C93E108240D3E37D4502ECFABE16AFBDEAA009DB2A939C,0.003075299900153359,0.9723502198260268,0.0031627492208554163,finite,1496,305275,finite,456691400,False,True,descriptive limited-sample matched validation
five_seed_matched_validation,30,840030103,decoupled_native_direct,d-XY,decoupled_native_direct_N30_seed840030103_p24_b400,24,400,best2,2,A7DBAF58A25A433C12461BB4BAB6582ECAC8C1D18A89FF466DABD97923654875,0.005648510043230124,0.9723502198260268,0.005809131245160574,finite,813,305275,finite,248188575,False,True,descriptive limited-sample matched validation
five_seed_matched_validation,30,840030103,decoupled_native_direct,d-XY,decoupled_native_direct_N30_seed840030103_p24_b400,24,400,best8,8,5B524F1A9F77C1271E1ACBCA404E5CC4FF29F5C833786BD657D79B57A7281DBF,0.01739657881263803,0.9723502198260268,0.017891268452379875,finite,263,305275,finite,80287325,False,True,descriptive limited-sample matched validation
five_seed_matched_validation,30,840030103,ordinary_native_direct,StdXY,ordinary_native_direct_N30_seed840030103_p4_b400,4,400,ground,1,1240DBDBF59252BC13C93E108240D3E37D4502ECFABE16AFBDEAA009DB2A939C,0.0002733540888105693,0.8317752316644818,0.0003286393708352617,finite,16845,60975,finite,1027123875,False,True,descriptive limited-sample matched validation
five_seed_matched_validation,30,840030103,ordinary_native_direct,StdXY,ordinary_native_direct_N30_seed840030103_p4_b400,4,400,best2,2,A7DBAF58A25A433C12461BB4BAB6582ECAC8C1D18A89FF466DABD97923654875,0.0005078310406851742,0.8317752316644818,0.000610538786625016,finite,9067,60975,finite,552860325,False,True,descriptive limited-sample matched validation
five_seed_matched_validation,30,840030103,ordinary_native_direct,StdXY,ordinary_native_direct_N30_seed840030103_p4_b400,4,400,best8,8,5B524F1A9F77C1271E1ACBCA404E5CC4FF29F5C833786BD657D79B57A7281DBF,0.00193005666657872,0.8317752316644818,0.0023204065150106068,finite,2384,60975,finite,145364400,False,True,descriptive limited-sample matched validation
secondary_native_grover_initial_five_screen,30,840030103,native_grover_d,NativeGrover-d,native_grover_d_N30_seed840030103_p24_b400,24,400,ground,1,1240DBDBF59252BC13C93E108240D3E37D4502ECFABE16AFBDEAA009DB2A939C,0.00024247368521228063,0.7282315053932902,0.00033296236624825754,finite,18991,325315,finite,6178057165,True,False,secondary descriptive resource-saving screen
secondary_native_grover_initial_five_screen,30,840030103,native_grover_d,NativeGrover-d,native_grover_d_N30_seed840030103_p24_b400,24,400,best2,2,A7DBAF58A25A433C12461BB4BAB6582ECAC8C1D18A89FF466DABD97923654875,0.0004748431260630584,0.7282315053932902,0.0006520496882466155,finite,9696,325315,finite,3154254240,True,False,secondary descriptive resource-saving screen
secondary_native_grover_initial_five_screen,30,840030103,native_grover_d,NativeGrover-d,native_grover_d_N30_seed840030103_p24_b400,24,400,best8,8,5B524F1A9F77C1271E1ACBCA404E5CC4FF29F5C833786BD657D79B57A7281DBF,0.001781592867592596,0.7282315053932902,0.0024464649694473537,finite,2583,325315,finite,840288645,True,False,secondary descriptive resource-saving screen
five_seed_matched_validation,30,840030104,learned_projector,LP-QAOA,learned_projector_N30_seed840030104_p96_b800,96,800,ground,1,72EF2A457B3021EB7F5F083E664F694FFB23C4BD842EFD99EDF263411D04DEE6,0.3023726138887595,0.977290762919564,0.3093988251617665,finite,13,1505215,finite,19567795,False,True,descriptive limited-sample matched validation
five_seed_matched_validation,30,840030104,learned_projector,LP-QAOA,learned_projector_N30_seed840030104_p96_b800,96,800,best2,2,46EAC466A95D1D76CE488CA0CCC97B0280D52D11BFEA7DE8F564D6B7EFB70B75,0.6053809226303553,0.977290762919564,0.6194481167731872,finite,5,1505215,finite,7526075,False,True,descriptive limited-sample matched validation
five_seed_matched_validation,30,840030104,learned_projector,LP-QAOA,learned_projector_N30_seed840030104_p96_b800,96,800,best8,8,1091525ED905D398400C1AAD43A5020D849A06B68E7087DA66129A9E7D4B88FD,0.9698504893162061,0.977290762919564,0.9923868372794902,finite,2,1505215,finite,3010430,False,True,descriptive limited-sample matched validation
five_seed_matched_validation,30,840030104,stage1_only,Stage-1-only,stage1_only_N30_seed840030104,,,ground,1,72EF2A457B3021EB7F5F083E664F694FFB23C4BD842EFD99EDF263411D04DEE6,0.00012622830582377032,0.9724174059679849,0.0001298087683838993,finite,36481,13375,finite,487933375,False,True,descriptive limited-sample matched validation
five_seed_matched_validation,30,840030104,stage1_only,Stage-1-only,stage1_only_N30_seed840030104,,,best2,2,46EAC466A95D1D76CE488CA0CCC97B0280D52D11BFEA7DE8F564D6B7EFB70B75,0.00028080632499783657,0.9724174059679849,0.0002887713889883637,finite,16398,13375,finite,219323250,False,True,descriptive limited-sample matched validation
five_seed_matched_validation,30,840030104,stage1_only,Stage-1-only,stage1_only_N30_seed840030104,,,best8,8,1091525ED905D398400C1AAD43A5020D849A06B68E7087DA66129A9E7D4B88FD,0.001484420583998805,0.9724174059679849,0.0015265261346501205,finite,3101,13375,finite,41475875,False,True,descriptive limited-sample matched validation
five_seed_matched_validation,30,840030104,same_stage1_state_direct,Direct-XY,same_stage1_state_direct_N30_seed840030104_p1_b400,1,400,ground,1,72EF2A457B3021EB7F5F083E664F694FFB23C4BD842EFD99EDF263411D04DEE6,0.00012872742217104265,0.9744006499947968,0.00013210933528393074,finite,35773,25590,finite,915431070,False,True,descriptive limited-sample matched validation
five_seed_matched_validation,30,840030104,same_stage1_state_direct,Direct-XY,same_stage1_state_direct_N30_seed840030104_p1_b400,1,400,best2,2,46EAC466A95D1D76CE488CA0CCC97B0280D52D11BFEA7DE8F564D6B7EFB70B75,0.00028555011971472053,0.9744006499947968,0.0002930520620201201,finite,16126,25590,finite,412664340,False,True,descriptive limited-sample matched validation
five_seed_matched_validation,30,840030104,same_stage1_state_direct,Direct-XY,same_stage1_state_direct_N30_seed840030104_p1_b400,1,400,best8,8,1091525ED905D398400C1AAD43A5020D849A06B68E7087DA66129A9E7D4B88FD,0.0015141687518068184,0.9744006499947968,0.001553948831843353,finite,3040,25590,finite,77793600,False,True,descriptive limited-sample matched validation
five_seed_matched_validation,30,840030104,decoupled_native_direct,d-XY,decoupled_native_direct_N30_seed840030104_p24_b400,24,400,ground,1,72EF2A457B3021EB7F5F083E664F694FFB23C4BD842EFD99EDF263411D04DEE6,0.0020423319473384864,0.9663146935392658,0.002113526743402973,finite,2253,305275,finite,687784575,False,True,descriptive limited-sample matched validation
five_seed_matched_validation,30,840030104,decoupled_native_direct,d-XY,decoupled_native_direct_N30_seed840030104_p24_b400,24,400,best2,2,46EAC466A95D1D76CE488CA0CCC97B0280D52D11BFEA7DE8F564D6B7EFB70B75,0.003651648143556012,0.9663146935392658,0.003778942996490438,finite,1259,305275,finite,384341225,False,True,descriptive limited-sample matched validation
five_seed_matched_validation,30,840030104,decoupled_native_direct,d-XY,decoupled_native_direct_N30_seed840030104_p24_b400,24,400,best8,8,1091525ED905D398400C1AAD43A5020D849A06B68E7087DA66129A9E7D4B88FD,0.013775139249782301,0.9663146935392658,0.014255334563245523,finite,333,305275,finite,101656575,False,True,descriptive limited-sample matched validation
five_seed_matched_validation,30,840030104,ordinary_native_direct,StdXY,ordinary_native_direct_N30_seed840030104_p4_b400,4,400,ground,1,72EF2A457B3021EB7F5F083E664F694FFB23C4BD842EFD99EDF263411D04DEE6,0.00022889189965799822,0.8581477939083926,0.00026672783089672834,finite,20118,60975,finite,1226695050,False,True,descriptive limited-sample matched validation
five_seed_matched_validation,30,840030104,ordinary_native_direct,StdXY,ordinary_native_direct_N30_seed840030104_p4_b400,4,400,best2,2,46EAC466A95D1D76CE488CA0CCC97B0280D52D11BFEA7DE8F564D6B7EFB70B75,0.0004950182774644584,0.8581477939083926,0.00057684501548378,finite,9301,60975,finite,567128475,False,True,descriptive limited-sample matched validation
five_seed_matched_validation,30,840030104,ordinary_native_direct,StdXY,ordinary_native_direct_N30_seed840030104_p4_b400,4,400,best8,8,1091525ED905D398400C1AAD43A5020D849A06B68E7087DA66129A9E7D4B88FD,0.001983775980458265,0.8581477939083926,0.002311695018667185,finite,2320,60975,finite,141462000,False,True,descriptive limited-sample matched validation
secondary_native_grover_initial_five_screen,30,840030104,native_grover_d,NativeGrover-d,native_grover_d_N30_seed840030104_p24_b400,24,400,ground,1,72EF2A457B3021EB7F5F083E664F694FFB23C4BD842EFD99EDF263411D04DEE6,0.00018976671129451917,0.9879242370746623,0.0001920862999134797,finite,24266,325315,finite,7894093790,True,False,secondary descriptive resource-saving screen
secondary_native_grover_initial_five_screen,30,840030104,native_grover_d,NativeGrover-d,native_grover_d_N30_seed840030104_p24_b400,24,400,best2,2,46EAC466A95D1D76CE488CA0CCC97B0280D52D11BFEA7DE8F564D6B7EFB70B75,0.00037844861548954353,0.9879242370746623,0.00038307453272951974,finite,12167,325315,finite,3958107605,True,False,secondary descriptive resource-saving screen
secondary_native_grover_initial_five_screen,30,840030104,native_grover_d,NativeGrover-d,native_grover_d_N30_seed840030104_p24_b400,24,400,best8,8,1091525ED905D398400C1AAD43A5020D849A06B68E7087DA66129A9E7D4B88FD,0.0014825249305947638,0.9879242370746623,0.0015006463805206979,finite,3104,325315,finite,1009777760,True,False,secondary descriptive resource-saving screen
five_seed_matched_validation,30,840030105,learned_projector,LP-QAOA,learned_projector_N30_seed840030105_p96_b800,96,800,ground,1,1599D843441532211348CA41798F95CD587347BF8BB4B442A77B32E5651BAF92,0.28823908163372813,0.9963804924509794,0.2892861550557797,finite,14,1505215,finite,21073010,False,True,descriptive limited-sample matched validation
five_seed_matched_validation,30,840030105,learned_projector,LP-QAOA,learned_projector_N30_seed840030105_p96_b800,96,800,best2,2,5295722142F4BB330259C6352C294D2F2A464419A5C0927C775AB54EB8257314,0.5617075030817389,0.9963804924509794,0.5637479931988674,finite,6,1505215,finite,9031290,False,True,descriptive limited-sample matched validation
five_seed_matched_validation,30,840030105,learned_projector,LP-QAOA,learned_projector_N30_seed840030105_p96_b800,96,800,best8,8,C9FC465B650A83C95A494FE6E73F6AD168148CDA2815CD19D31221347045B73B,0.9914094297230324,0.9963804924509794,0.9950108791113335,finite,1,1505215,finite,1505215,False,True,descriptive limited-sample matched validation
five_seed_matched_validation,30,840030105,stage1_only,Stage-1-only,stage1_only_N30_seed840030105,,,ground,1,1599D843441532211348CA41798F95CD587347BF8BB4B442A77B32E5651BAF92,0.00016972444043402904,0.9724174059679849,0.00017453866970334436,finite,27131,13375,finite,362877125,False,True,descriptive limited-sample matched validation
five_seed_matched_validation,30,840030105,stage1_only,Stage-1-only,stage1_only_N30_seed840030105,,,best2,2,5295722142F4BB330259C6352C294D2F2A464419A5C0927C775AB54EB8257314,0.0003394488808680544,0.9724174059679849,0.00034907733940668493,finite,13565,13375,finite,181431875,False,True,descriptive limited-sample matched validation
five_seed_matched_validation,30,840030105,stage1_only,Stage-1-only,stage1_only_N30_seed840030105,,,best8,8,C9FC465B650A83C95A494FE6E73F6AD168148CDA2815CD19D31221347045B73B,0.0012405104117317886,0.9724174059679849,0.0012756974567901043,finite,3711,13375,finite,49634625,False,True,descriptive limited-sample matched validation
five_seed_matched_validation,30,840030105,same_stage1_state_direct,Direct-XY,same_stage1_state_direct_N30_seed840030105_p1_b400,1,400,ground,1,1599D843441532211348CA41798F95CD587347BF8BB4B442A77B32E5651BAF92,0.000170340195304463,0.9729062907672497,0.00017508386667962643,finite,27033,25590,finite,691774470,False,True,descriptive limited-sample matched validation
five_seed_matched_validation,30,840030105,same_stage1_state_direct,Direct-XY,same_stage1_state_direct_N30_seed840030105_p1_b400,1,400,best2,2,5295722142F4BB330259C6352C294D2F2A464419A5C0927C775AB54EB8257314,0.0003406339134176457,0.9729062907672497,0.00035011996186088616,finite,13518,25590,finite,345925620,False,True,descriptive limited-sample matched validation
five_seed_matched_validation,30,840030105,same_stage1_state_direct,Direct-XY,same_stage1_state_direct_N30_seed840030105_p1_b400,1,400,best8,8,C9FC465B650A83C95A494FE6E73F6AD168148CDA2815CD19D31221347045B73B,0.0012431624122734171,0.9729062907672497,0.0012777822736586883,finite,3703,25590,finite,94759770,False,True,descriptive limited-sample matched validation
five_seed_matched_validation,30,840030105,decoupled_native_direct,d-XY,decoupled_native_direct_N30_seed840030105_p24_b400,24,400,ground,1,1599D843441532211348CA41798F95CD587347BF8BB4B442A77B32E5651BAF92,0.003414228796746609,0.9747106832265255,0.0035028125324785553,finite,1347,305275,finite,411205425,False,True,descriptive limited-sample matched validation
five_seed_matched_validation,30,840030105,decoupled_native_direct,d-XY,decoupled_native_direct_N30_seed840030105_p24_b400,24,400,best2,2,5295722142F4BB330259C6352C294D2F2A464419A5C0927C775AB54EB8257314,0.00544864644154274,0.9747106832265255,0.005590014078338011,finite,843,305275,finite,257346825,False,True,descriptive limited-sample matched validation
five_seed_matched_validation,30,840030105,decoupled_native_direct,d-XY,decoupled_native_direct_N30_seed840030105_p24_b400,24,400,best8,8,C9FC465B650A83C95A494FE6E73F6AD168148CDA2815CD19D31221347045B73B,0.018205681442435062,0.9747106832265255,0.018678036217034066,finite,251,305275,finite,76624025,False,True,descriptive limited-sample matched validation
five_seed_matched_validation,30,840030105,ordinary_native_direct,StdXY,ordinary_native_direct_N30_seed840030105_p4_b400,4,400,ground,1,1599D843441532211348CA41798F95CD587347BF8BB4B442A77B32E5651BAF92,0.0002878852342218944,0.870974952722257,0.0003305321620582784,finite,15995,60975,finite,975295125,False,True,descriptive limited-sample matched validation
five_seed_matched_validation,30,840030105,ordinary_native_direct,StdXY,ordinary_native_direct_N30_seed840030105_p4_b400,4,400,best2,2,5295722142F4BB330259C6352C294D2F2A464419A5C0927C775AB54EB8257314,0.0005350761645467909,0.870974952722257,0.0006143416212767027,finite,8605,60975,finite,524689875,False,True,descriptive limited-sample matched validation
five_seed_matched_validation,30,840030105,ordinary_native_direct,StdXY,ordinary_native_direct_N30_seed840030105_p4_b400,4,400,best8,8,C9FC465B650A83C95A494FE6E73F6AD168148CDA2815CD19D31221347045B73B,0.001958918074264087,0.870974952722257,0.0022491095388465915,finite,2349,60975,finite,143230275,False,True,descriptive limited-sample matched validation
secondary_native_grover_initial_five_screen,30,840030105,native_grover_d,NativeGrover-d,native_grover_d_N30_seed840030105_p24_b400,24,400,ground,1,1599D843441532211348CA41798F95CD587347BF8BB4B442A77B32E5651BAF92,0.00020539734161147992,0.6777585915632508,0.0003030538368207635,finite,22419,325315,finite,7293236985,True,False,secondary descriptive resource-saving screen
secondary_native_grover_initial_five_screen,30,840030105,native_grover_d,NativeGrover-d,native_grover_d_N30_seed840030105_p24_b400,24,400,best2,2,5295722142F4BB330259C6352C294D2F2A464419A5C0927C775AB54EB8257314,0.00041026915239641493,0.6777585915632508,0.0006053322783413616,finite,11223,325315,finite,3651010245,True,False,secondary descriptive resource-saving screen
secondary_native_grover_initial_five_screen,30,840030105,native_grover_d,NativeGrover-d,native_grover_d_N30_seed840030105_p24_b400,24,400,best8,8,C9FC465B650A83C95A494FE6E73F6AD168148CDA2815CD19D31221347045B73B,0.001571088040062368,0.6777585915632508,0.0023180643663087354,finite,2929,325315,finite,952847635,True,False,secondary descriptive resource-saving screen
