cohort_role,N,problem_seed,method,paper_label,cell_id,depth,adopted_budget,terminal_RU,feasible_mass,ground_degeneracy,unique_ground_applicable,ground_probability,best2_probability,best8_probability,ground_conditional_on_feasible,best2_conditional_on_feasible,best8_conditional_on_feasible,native_grover_secondary_screen,part_of_matched_five_seed_result,screen_seed_shared_with_external_validation,screen_stop_verdict,claim_scope
five_seed_matched_validation,25,840025102,learned_projector,LP-QAOA,learned_projector_N25_seed840025102_p16_b800,16,800,98651,0.9766121155269651,1,True,0.3139461651764184,0.5248276000858079,0.9699005543236576,0.321464540716882,0.5373961593775834,0.9931277104834133,False,True,False,not_applicable,descriptive limited-sample matched validation
five_seed_matched_validation,25,840025102,stage1_only,Stage-1-only,stage1_only_N25_seed840025102,,,4363,0.9378781006637074,1,True,0.007815650838864163,0.015631301677728426,0.06252520671091394,0.008333333333333264,0.016666666666666635,0.06666666666666679,False,True,False,not_applicable,descriptive limited-sample matched validation
five_seed_matched_validation,25,840025102,same_stage1_state_direct,Direct-XY,same_stage1_state_direct_N25_seed840025102_p1_b400,1,400,7896,0.9532820749194257,1,True,0.007932149435925982,0.015865544570350658,0.06347379860515925,0.008320883864932037,0.01664307447687156,0.06658448771369613,False,True,False,not_applicable,descriptive limited-sample matched validation
five_seed_matched_validation,25,840025102,decoupled_native_direct,d-XY,decoupled_native_direct_N25_seed840025102_p12_b400,12,400,45859,0.9501143225712785,1,True,0.021455518913492018,0.040560364471709534,0.14774562350642118,0.022582039238633205,0.04268998320322306,0.15550299579379,False,True,False,not_applicable,descriptive limited-sample matched validation
five_seed_matched_validation,25,840025102,ordinary_native_direct,StdXY,ordinary_native_direct_N25_seed840025102_p8_b800,8,800,31727,0.8068591374448116,1,True,0.01197728538468185,0.023398856542084213,0.08968401420332639,0.014844332584014498,0.028999927566271965,0.11115200911938695,False,True,False,not_applicable,descriptive limited-sample matched validation
secondary_native_grover_initial_five_screen,25,840025102,native_grover_d,NativeGrover-d,native_grover_d_N25_seed840025102_p24_b400,24,400,102295,0.20447232439569454,1,True,0.0020886702079829997,0.004177431026236817,0.016634219321623792,0.010214928666536838,0.02043030047505431,0.08135193538189195,True,False,True,stop_no_extension,secondary descriptive resource-saving screen
five_seed_matched_validation,25,840025103,learned_projector,LP-QAOA,learned_projector_N25_seed840025103_p16_b800,16,800,98651,0.9835803442570121,1,True,0.5257394504151232,0.7028957787159092,0.9760459487521409,0.5345160194434976,0.7146297532479368,0.9923398270930651,False,True,False,not_applicable,descriptive limited-sample matched validation
five_seed_matched_validation,25,840025103,stage1_only,Stage-1-only,stage1_only_N25_seed840025103,,,4363,0.9378781006637074,1,True,0.007815650838864293,0.01563130167772855,0.06252520671091424,0.008333333333333403,0.016666666666666767,0.06666666666666711,False,True,False,not_applicable,descriptive limited-sample matched validation
five_seed_matched_validation,25,840025103,same_stage1_state_direct,Direct-XY,same_stage1_state_direct_N25_seed840025103_p1_b400,1,400,7896,0.9532463744684528,1,True,0.007932192694014253,0.015866640693550788,0.06347652262973605,0.008321240873785002,0.01664484766847218,0.06658983902785016,False,True,False,not_applicable,descriptive limited-sample matched validation
five_seed_matched_validation,25,840025103,decoupled_native_direct,d-XY,decoupled_native_direct_N25_seed840025103_p12_b400,12,400,45859,0.7805692297427572,1,True,0.01733142322380182,0.033441820320879063,0.11495632462873072,0.02220356960459936,0.04284286267843287,0.14727242664512344,False,True,False,not_applicable,descriptive limited-sample matched validation
five_seed_matched_validation,25,840025103,ordinary_native_direct,StdXY,ordinary_native_direct_N25_seed840025103_p8_b800,8,800,31727,0.8003209357616349,1,True,0.011864400082976255,0.023482108186207683,0.08519437748636105,0.014824552942233553,0.029340864566863613,0.1064502672359618,False,True,False,not_applicable,descriptive limited-sample matched validation
secondary_native_grover_initial_five_screen,25,840025103,native_grover_d,NativeGrover-d,native_grover_d_N25_seed840025103_p24_b400,24,400,102295,0.24459524432314478,1,True,0.0032983110084944876,0.006470071579404029,0.02414211230554659,0.013484771617787277,0.02645215608058247,0.09870229640953876,True,False,True,stop_no_extension,secondary descriptive resource-saving screen
five_seed_matched_validation,25,840025104,learned_projector,LP-QAOA,learned_projector_N25_seed840025104_p16_b800,16,800,98651,0.985096999355992,1,True,0.556868787749353,0.8054970949008078,0.9741810972866216,0.5652933549827138,0.8176830255572823,0.9889189571417772,False,True,False,not_applicable,descriptive limited-sample matched validation
five_seed_matched_validation,25,840025104,stage1_only,Stage-1-only,stage1_only_N25_seed840025104,,,4363,0.9378781006637074,1,True,0.007815650838864228,0.015631301677728495,0.06252520671091384,0.008333333333333333,0.016666666666666708,0.06666666666666668,False,True,False,not_applicable,descriptive limited-sample matched validation
five_seed_matched_validation,25,840025104,same_stage1_state_direct,Direct-XY,same_stage1_state_direct_N25_seed840025104_p1_b400,1,400,7896,0.9475439227974055,1,True,0.00790167787383535,0.015804977138691736,0.06321263313700623,0.008339115141499156,0.01667994143430436,0.06671208755197909,False,True,False,not_applicable,descriptive limited-sample matched validation
five_seed_matched_validation,25,840025104,decoupled_native_direct,d-XY,decoupled_native_direct_N25_seed840025104_p12_b400,12,400,45859,0.7215131721352702,1,True,0.01592454962388206,0.03227745215688069,0.11097041512300668,0.022071044907959775,0.044735776702950154,0.15380234125816042,False,True,False,not_applicable,descriptive limited-sample matched validation
five_seed_matched_validation,25,840025104,ordinary_native_direct,StdXY,ordinary_native_direct_N25_seed840025104_p8_b800,8,800,31727,0.9093860278441271,1,True,0.01445224256782283,0.030294386070547116,0.11152903011997284,0.01589230769476921,0.03331301025414447,0.12264211974355231,False,True,False,not_applicable,descriptive limited-sample matched validation
secondary_native_grover_initial_five_screen,25,840025104,native_grover_d,NativeGrover-d,native_grover_d_N25_seed840025104_p24_b400,24,400,102295,0.23399239373167063,1,True,0.0026742516766666987,0.005323739722701186,0.020714246243800874,0.01142879746652526,0.022751764011637716,0.08852529739729408,True,False,True,stop_no_extension,secondary descriptive resource-saving screen
five_seed_matched_validation,25,840025105,learned_projector,LP-QAOA,learned_projector_N25_seed840025105_p16_b800,16,800,98651,0.9267612703352619,1,True,0.7571899375079405,0.8464627321029281,0.8934662500616535,0.8170280327252153,0.9133557467250598,0.9640737897241177,False,True,False,not_applicable,descriptive limited-sample matched validation
five_seed_matched_validation,25,840025105,stage1_only,Stage-1-only,stage1_only_N25_seed840025105,,,4363,0.9378781006637074,1,True,0.007815650838864268,0.01563130167772852,0.06252520671091383,0.008333333333333377,0.016666666666666736,0.06666666666666667,False,True,False,not_applicable,descriptive limited-sample matched validation
five_seed_matched_validation,25,840025105,same_stage1_state_direct,Direct-XY,same_stage1_state_direct_N25_seed840025105_p1_b400,1,400,7896,0.9512651175544429,1,True,0.007932475186827591,0.015863513071602622,0.06345585449490214,0.00833886898661939,0.016676227035829178,0.06670680268192472,False,True,False,not_applicable,descriptive limited-sample matched validation
five_seed_matched_validation,25,840025105,decoupled_native_direct,d-XY,decoupled_native_direct_N25_seed840025105_p12_b400,12,400,45859,0.740387931395196,1,True,0.010016948195215576,0.019726269311988013,0.07312340526241587,0.013529323980659055,0.026643153508479792,0.09876363749557782,False,True,False,not_applicable,descriptive limited-sample matched validation
five_seed_matched_validation,25,840025105,ordinary_native_direct,StdXY,ordinary_native_direct_N25_seed840025105_p8_b800,8,800,31727,0.9546392902290983,1,True,0.015330366701788362,0.029549302440312404,0.11101900898262129,0.016058805518165208,0.030953369238784462,0.11629419626755409,False,True,False,not_applicable,descriptive limited-sample matched validation
secondary_native_grover_initial_five_screen,25,840025105,native_grover_d,NativeGrover-d,native_grover_d_N25_seed840025105_p24_b400,24,400,102295,0.20426540665609305,1,True,0.0020685117718174306,0.0041047912708913736,0.016134476373443722,0.010126588763510186,0.020095381484748,0.07898780629364315,True,False,True,stop_no_extension,secondary descriptive resource-saving screen
five_seed_matched_validation,25,840025106,learned_projector,LP-QAOA,learned_projector_N25_seed840025106_p16_b800,16,800,98651,0.980905777317205,1,True,0.726067256917225,0.8693123120958318,0.9659528647738188,0.7402008161304056,0.8862342665300807,0.9847560154204794,False,True,False,not_applicable,descriptive limited-sample matched validation
five_seed_matched_validation,25,840025106,stage1_only,Stage-1-only,stage1_only_N25_seed840025106,,,4363,0.9378781006637074,1,True,0.007815650838864326,0.015631301677728488,0.06252520671091402,0.008333333333333437,0.0166666666666667,0.06666666666666687,False,True,False,not_applicable,descriptive limited-sample matched validation
five_seed_matched_validation,25,840025106,same_stage1_state_direct,Direct-XY,same_stage1_state_direct_N25_seed840025106_p1_b400,1,400,7896,0.94203045615128,1,True,0.007852781606319437,0.015705224625306297,0.06281856824993567,0.008336016691437378,0.016671673959959745,0.06668422219233185,False,True,False,not_applicable,descriptive limited-sample matched validation
five_seed_matched_validation,25,840025106,decoupled_native_direct,d-XY,decoupled_native_direct_N25_seed840025106_p12_b400,12,400,45859,0.7097959846039602,1,True,0.011470189216140523,0.024891490562037648,0.08902750835682471,0.01615983953831531,0.035068514195563075,0.12542689771131738,False,True,False,not_applicable,descriptive limited-sample matched validation
five_seed_matched_validation,25,840025106,ordinary_native_direct,StdXY,ordinary_native_direct_N25_seed840025106_p8_b800,8,800,31727,0.8777697058151558,1,True,0.012782787662523578,0.027587537188030746,0.10271215421819277,0.014562803407133566,0.031429128853804666,0.11701492263600893,False,True,False,not_applicable,descriptive limited-sample matched validation
secondary_native_grover_initial_five_screen,25,840025106,native_grover_d,NativeGrover-d,native_grover_d_N25_seed840025106_p24_b400,24,400,102295,0.19510537814485332,1,True,0.0024361170509947187,0.004770156106658667,0.018161295613778352,0.012486160423451048,0.02444912668228515,0.09308454634343676,True,False,True,stop_no_extension,secondary descriptive resource-saving screen
five_seed_matched_validation,30,840030101,learned_projector,LP-QAOA,learned_projector_N30_seed840030101_p96_b800,96,800,1505215,0.9794715444056996,1,True,0.5919499144843234,0.8497698489561574,0.9620190906372061,0.6043564183822131,0.8675799249193712,0.9821817653936207,False,True,False,not_applicable,descriptive limited-sample matched validation
five_seed_matched_validation,30,840030101,stage1_only,Stage-1-only,stage1_only_N30_seed840030101,,,13375,0.9724174059679849,1,True,0.00015457801917406815,0.0002808063249978401,0.0011388632323024906,0.00015896262060446638,0.00028877138898836735,0.001171167057801499,False,True,False,not_applicable,descriptive limited-sample matched validation
five_seed_matched_validation,30,840030101,same_stage1_state_direct,Direct-XY,same_stage1_state_direct_N30_seed840030101_p1_b400,1,400,25590,0.9738288813476926,1,True,0.0001554391836738951,0.00028237217456328204,0.001146246161395029,0.00015961652673391764,0.00028996077234072585,0.001177050900163,False,True,False,not_applicable,descriptive limited-sample matched validation
five_seed_matched_validation,30,840030101,decoupled_native_direct,d-XY,decoupled_native_direct_N30_seed840030101_p24_b400,24,400,305275,0.9686795624154203,1,True,0.003051446615754968,0.005570672086895764,0.01643362335485995,0.0031501094212684016,0.005750789325011865,0.01696497375652523,False,True,False,not_applicable,descriptive limited-sample matched validation
five_seed_matched_validation,30,840030101,ordinary_native_direct,StdXY,ordinary_native_direct_N30_seed840030101_p4_b400,4,400,60975,0.8973544549570606,1,True,0.00028497834528741316,0.0005173258368285655,0.0019109873434901726,0.00031757611912791995,0.0005765011071943919,0.0021295791567465003,False,True,False,not_applicable,descriptive limited-sample matched validation
secondary_native_grover_initial_five_screen,30,840030101,native_grover_d,NativeGrover-d,native_grover_d_N30_seed840030101_p24_b400,24,400,325315,0.986105091642603,1,True,0.000174133352368369,0.0003468238350682052,0.001366476254059233,0.00017658701272732163,0.0003517108247463604,0.0013857308573298486,True,False,True,stop_no_extension,secondary descriptive resource-saving screen
five_seed_matched_validation,30,840030102,learned_projector,LP-QAOA,learned_projector_N30_seed840030102_p96_b800,96,800,1505215,0.9919372473126258,1,True,0.6771962582165311,0.8286839530889846,0.9426021809623129,0.6827007051617462,0.8354197358089638,0.9502639239690087,False,True,False,not_applicable,descriptive limited-sample matched validation
five_seed_matched_validation,30,840030102,stage1_only,Stage-1-only,stage1_only_N30_seed840030102,,,13375,0.9724174059679849,1,True,0.00015457801917406733,0.0002808063249978378,0.001066525873290765,0.00015896262060446554,0.000288771388988365,0.0010967778515123356,False,True,False,not_applicable,descriptive limited-sample matched validation
five_seed_matched_validation,30,840030102,same_stage1_state_direct,Direct-XY,same_stage1_state_direct_N30_seed840030102_p1_b400,1,400,25590,0.9743450163586643,1,True,0.00015605265803512861,0.0002840869321855673,0.0010780622091519562,0.00016016160129635678,0.00029156708087578763,0.001106448117506574,False,True,False,not_applicable,descriptive limited-sample matched validation
five_seed_matched_validation,30,840030102,decoupled_native_direct,d-XY,decoupled_native_direct_N30_seed840030102_p24_b400,24,400,305275,0.9665697086025233,1,True,0.005692107712887006,0.008985237405255767,0.023613889094521626,0.005888977962196554,0.009296005580649446,0.024430611557921502,False,True,False,not_applicable,descriptive limited-sample matched validation
five_seed_matched_validation,30,840030102,ordinary_native_direct,StdXY,ordinary_native_direct_N30_seed840030102_p4_b400,4,400,60975,0.8232520263047074,1,True,0.00025378228993184565,0.0004647630532139041,0.0016626191609052715,0.000308268041648177,0.0005645452891261794,0.002019574939120638,False,True,False,not_applicable,descriptive limited-sample matched validation
secondary_native_grover_initial_five_screen,30,840030102,native_grover_d,NativeGrover-d,native_grover_d_N30_seed840030102_p24_b400,24,400,325315,0.6753660555790693,1,True,0.00018431286080972058,0.0003607467470515429,0.0013768373268463693,0.0002729080907859485,0.0005341499533052977,0.002038653431679873,True,False,True,stop_no_extension,secondary descriptive resource-saving screen
five_seed_matched_validation,30,840030103,learned_projector,LP-QAOA,learned_projector_N30_seed840030103_p96_b800,96,800,1505215,0.9688457880268203,1,True,0.598428829938324,0.8066573933494222,0.9303271184327875,0.61767191160226,0.8325962741627687,0.9602427237956197,False,True,False,not_applicable,descriptive limited-sample matched validation
five_seed_matched_validation,30,840030103,stage1_only,Stage-1-only,stage1_only_N30_seed840030103,,,13375,0.9724174059679849,1,True,0.0001697244404340299,0.0002959527462578016,0.001267408506963641,0.00017453866970334526,0.00030434743808724596,0.0013033585157826435,False,True,False,not_applicable,descriptive limited-sample matched validation
five_seed_matched_validation,30,840030103,same_stage1_state_direct,Direct-XY,same_stage1_state_direct_N30_seed840030103_p1_b400,1,400,25590,0.9744093135683135,1,True,0.00017289769003073262,0.00030221024666872464,0.0012905813984606536,0.00017743846207460452,0.0003101471244789548,0.0013244756392306117,False,True,False,not_applicable,descriptive limited-sample matched validation
five_seed_matched_validation,30,840030103,decoupled_native_direct,d-XY,decoupled_native_direct_N30_seed840030103_p24_b400,24,400,305275,0.9723502198260268,1,True,0.003075299900153359,0.005648510043230124,0.01739657881263803,0.0031627492208554163,0.005809131245160574,0.017891268452379875,False,True,False,not_applicable,descriptive limited-sample matched validation
five_seed_matched_validation,30,840030103,ordinary_native_direct,StdXY,ordinary_native_direct_N30_seed840030103_p4_b400,4,400,60975,0.8317752316644818,1,True,0.0002733540888105693,0.0005078310406851742,0.00193005666657872,0.0003286393708352617,0.000610538786625016,0.0023204065150106068,False,True,False,not_applicable,descriptive limited-sample matched validation
secondary_native_grover_initial_five_screen,30,840030103,native_grover_d,NativeGrover-d,native_grover_d_N30_seed840030103_p24_b400,24,400,325315,0.7282315053932902,1,True,0.00024247368521228063,0.0004748431260630584,0.001781592867592596,0.00033296236624825754,0.0006520496882466155,0.0024464649694473537,True,False,True,stop_no_extension,secondary descriptive resource-saving screen
five_seed_matched_validation,30,840030104,learned_projector,LP-QAOA,learned_projector_N30_seed840030104_p96_b800,96,800,1505215,0.977290762919564,1,True,0.3023726138887595,0.6053809226303553,0.9698504893162061,0.3093988251617665,0.6194481167731872,0.9923868372794902,False,True,False,not_applicable,descriptive limited-sample matched validation
five_seed_matched_validation,30,840030104,stage1_only,Stage-1-only,stage1_only_N30_seed840030104,,,13375,0.9724174059679849,1,True,0.00012622830582377032,0.00028080632499783657,0.001484420583998805,0.0001298087683838993,0.0002887713889883637,0.0015265261346501205,False,True,False,not_applicable,descriptive limited-sample matched validation
five_seed_matched_validation,30,840030104,same_stage1_state_direct,Direct-XY,same_stage1_state_direct_N30_seed840030104_p1_b400,1,400,25590,0.9744006499947968,1,True,0.00012872742217104265,0.00028555011971472053,0.0015141687518068184,0.00013210933528393074,0.0002930520620201201,0.001553948831843353,False,True,False,not_applicable,descriptive limited-sample matched validation
five_seed_matched_validation,30,840030104,decoupled_native_direct,d-XY,decoupled_native_direct_N30_seed840030104_p24_b400,24,400,305275,0.9663146935392658,1,True,0.0020423319473384864,0.003651648143556012,0.013775139249782301,0.002113526743402973,0.003778942996490438,0.014255334563245523,False,True,False,not_applicable,descriptive limited-sample matched validation
five_seed_matched_validation,30,840030104,ordinary_native_direct,StdXY,ordinary_native_direct_N30_seed840030104_p4_b400,4,400,60975,0.8581477939083926,1,True,0.00022889189965799822,0.0004950182774644584,0.001983775980458265,0.00026672783089672834,0.00057684501548378,0.002311695018667185,False,True,False,not_applicable,descriptive limited-sample matched validation
secondary_native_grover_initial_five_screen,30,840030104,native_grover_d,NativeGrover-d,native_grover_d_N30_seed840030104_p24_b400,24,400,325315,0.9879242370746623,1,True,0.00018976671129451917,0.00037844861548954353,0.0014825249305947638,0.0001920862999134797,0.00038307453272951974,0.0015006463805206979,True,False,True,stop_no_extension,secondary descriptive resource-saving screen
five_seed_matched_validation,30,840030105,learned_projector,LP-QAOA,learned_projector_N30_seed840030105_p96_b800,96,800,1505215,0.9963804924509794,1,True,0.28823908163372813,0.5617075030817389,0.9914094297230324,0.2892861550557797,0.5637479931988674,0.9950108791113335,False,True,False,not_applicable,descriptive limited-sample matched validation
five_seed_matched_validation,30,840030105,stage1_only,Stage-1-only,stage1_only_N30_seed840030105,,,13375,0.9724174059679849,1,True,0.00016972444043402904,0.0003394488808680544,0.0012405104117317886,0.00017453866970334436,0.00034907733940668493,0.0012756974567901043,False,True,False,not_applicable,descriptive limited-sample matched validation
five_seed_matched_validation,30,840030105,same_stage1_state_direct,Direct-XY,same_stage1_state_direct_N30_seed840030105_p1_b400,1,400,25590,0.9729062907672497,1,True,0.000170340195304463,0.0003406339134176457,0.0012431624122734171,0.00017508386667962643,0.00035011996186088616,0.0012777822736586883,False,True,False,not_applicable,descriptive limited-sample matched validation
five_seed_matched_validation,30,840030105,decoupled_native_direct,d-XY,decoupled_native_direct_N30_seed840030105_p24_b400,24,400,305275,0.9747106832265255,1,True,0.003414228796746609,0.00544864644154274,0.018205681442435062,0.0035028125324785553,0.005590014078338011,0.018678036217034066,False,True,False,not_applicable,descriptive limited-sample matched validation
five_seed_matched_validation,30,840030105,ordinary_native_direct,StdXY,ordinary_native_direct_N30_seed840030105_p4_b400,4,400,60975,0.870974952722257,1,True,0.0002878852342218944,0.0005350761645467909,0.001958918074264087,0.0003305321620582784,0.0006143416212767027,0.0022491095388465915,False,True,False,not_applicable,descriptive limited-sample matched validation
secondary_native_grover_initial_five_screen,30,840030105,native_grover_d,NativeGrover-d,native_grover_d_N30_seed840030105_p24_b400,24,400,325315,0.6777585915632508,1,True,0.00020539734161147992,0.00041026915239641493,0.001571088040062368,0.0003030538368207635,0.0006053322783413616,0.0023180643663087354,True,False,True,stop_no_extension,secondary descriptive resource-saving screen
