cohort_role,N,problem_seed,method,paper_label,cell_id,depth,adopted_budget,terminal_RU,probability_norm,ground_degeneracy,unique_ground_applicable,ground_target_hash_sha256,ground_probability,ground_RTS99_kind,ground_RTS99_integer_decimal,ground_total_logical_cost_kind,ground_total_logical_cost_integer_decimal,best2_target_hash_sha256,best2_probability,best2_RTS99_kind,best2_RTS99_integer_decimal,best2_total_logical_cost_kind,best2_total_logical_cost_integer_decimal,best8_target_hash_sha256,best8_probability,best8_RTS99_kind,best8_RTS99_integer_decimal,best8_total_logical_cost_kind,best8_total_logical_cost_integer_decimal,selected_operating_depth,part_of_matched_five_seed_result,depth_optimality_claim_permitted,claim_scope
n30_lp_two_seed_depth_decision,30,840030011,learned_projector,LP-QAOA,lp_N30_seed840030011_p1_b800_reselect,1,800,28915,0.9999999999999993,1,True,6202005C0BC60B26B215110E57B25BE3EAE3812462660AB10F713F20DB681E6C,0.0005333092178721477,finite,8633,finite,249623195,D6B50F2B62C6A127BD8401780725FC5C87DDF025CB3DA58D3337D5C56CBC06E5,0.0012027487918903797,finite,3827,finite,110657705,3FC641BF8DD05011943CE50D59CF2CD30FD1EA75B2A1FB916263F68642C8823A,0.005103524315471774,finite,901,finite,26052415,False,False,False,selected operating depth on the capped tested grid; not a global optimum
n30_lp_two_seed_depth_decision,30,840030011,learned_projector,LP-QAOA,lp_N30_seed840030011_p2_b800_reselect,2,800,44455,1.0,1,True,6202005C0BC60B26B215110E57B25BE3EAE3812462660AB10F713F20DB681E6C,0.0005880261903459759,finite,7830,finite,348082650,D6B50F2B62C6A127BD8401780725FC5C87DDF025CB3DA58D3337D5C56CBC06E5,0.0014563398444017012,finite,3160,finite,140477800,3FC641BF8DD05011943CE50D59CF2CD30FD1EA75B2A1FB916263F68642C8823A,0.00808592174852397,finite,568,finite,25250440,False,False,False,selected operating depth on the capped tested grid; not a global optimum
n30_lp_two_seed_depth_decision,30,840030011,learned_projector,LP-QAOA,lp_N30_seed840030011_p4_b800_reselect,4,800,75535,1.0,1,True,6202005C0BC60B26B215110E57B25BE3EAE3812462660AB10F713F20DB681E6C,0.0029239857748063597,finite,1573,finite,118816555,D6B50F2B62C6A127BD8401780725FC5C87DDF025CB3DA58D3337D5C56CBC06E5,0.00677688881571095,finite,678,finite,51212730,3FC641BF8DD05011943CE50D59CF2CD30FD1EA75B2A1FB916263F68642C8823A,0.028957051732040124,finite,157,finite,11858995,False,False,False,selected operating depth on the capped tested grid; not a global optimum
n30_lp_two_seed_depth_decision,30,840030011,learned_projector,LP-QAOA,lp_N30_seed840030011_p8_b800_reselect,8,800,137695,0.9999999999999998,1,True,6202005C0BC60B26B215110E57B25BE3EAE3812462660AB10F713F20DB681E6C,0.001794168998522482,finite,2565,finite,353187675,D6B50F2B62C6A127BD8401780725FC5C87DDF025CB3DA58D3337D5C56CBC06E5,0.0029409104375219077,finite,1564,finite,215354980,3FC641BF8DD05011943CE50D59CF2CD30FD1EA75B2A1FB916263F68642C8823A,0.024411451610435377,finite,187,finite,25748965,False,False,False,selected operating depth on the capped tested grid; not a global optimum
n30_lp_two_seed_depth_decision,30,840030011,learned_projector,LP-QAOA,lp_N30_seed840030011_p12_b800_reselect,12,800,199855,0.9999999999999996,1,True,6202005C0BC60B26B215110E57B25BE3EAE3812462660AB10F713F20DB681E6C,0.018368530843063335,finite,249,finite,49763895,D6B50F2B62C6A127BD8401780725FC5C87DDF025CB3DA58D3337D5C56CBC06E5,0.04291926719120803,finite,105,finite,20984775,3FC641BF8DD05011943CE50D59CF2CD30FD1EA75B2A1FB916263F68642C8823A,0.1584974114735208,finite,27,finite,5396085,False,False,False,selected operating depth on the capped tested grid; not a global optimum
n30_lp_two_seed_depth_decision,30,840030011,learned_projector,LP-QAOA,lp_N30_seed840030011_p16_b800_reselect,16,800,262015,0.9999999999999994,1,True,6202005C0BC60B26B215110E57B25BE3EAE3812462660AB10F713F20DB681E6C,0.010194973273439907,finite,450,finite,117906750,D6B50F2B62C6A127BD8401780725FC5C87DDF025CB3DA58D3337D5C56CBC06E5,0.03434434570840723,finite,132,finite,34585980,3FC641BF8DD05011943CE50D59CF2CD30FD1EA75B2A1FB916263F68642C8823A,0.21995934191140493,finite,19,finite,4978285,False,False,False,selected operating depth on the capped tested grid; not a global optimum
n30_lp_two_seed_depth_decision,30,840030011,learned_projector,LP-QAOA,lp_N30_seed840030011_p24_b800_reselect,24,800,386335,1.0,1,True,6202005C0BC60B26B215110E57B25BE3EAE3812462660AB10F713F20DB681E6C,0.05740227474254272,finite,78,finite,30134130,D6B50F2B62C6A127BD8401780725FC5C87DDF025CB3DA58D3337D5C56CBC06E5,0.1332336196430299,finite,33,finite,12749055,3FC641BF8DD05011943CE50D59CF2CD30FD1EA75B2A1FB916263F68642C8823A,0.40733093157021744,finite,9,finite,3477015,False,False,False,selected operating depth on the capped tested grid; not a global optimum
n30_lp_two_seed_depth_decision,30,840030011,learned_projector,LP-QAOA,lp_N30_seed840030011_p36_b800_reselect,36,800,572815,0.9999999999999989,1,True,6202005C0BC60B26B215110E57B25BE3EAE3812462660AB10F713F20DB681E6C,0.16408273895988365,finite,26,finite,14893190,D6B50F2B62C6A127BD8401780725FC5C87DDF025CB3DA58D3337D5C56CBC06E5,0.3285795708041682,finite,12,finite,6873780,3FC641BF8DD05011943CE50D59CF2CD30FD1EA75B2A1FB916263F68642C8823A,0.6799130818375754,finite,5,finite,2864075,False,False,False,selected operating depth on the capped tested grid; not a global optimum
n30_lp_two_seed_depth_decision,30,840030011,learned_projector,LP-QAOA,lp_N30_seed840030011_p48_b800_reselect_ext1,48,800,759295,1.0000000000000004,1,True,6202005C0BC60B26B215110E57B25BE3EAE3812462660AB10F713F20DB681E6C,0.20442238575253066,finite,21,finite,15945195,D6B50F2B62C6A127BD8401780725FC5C87DDF025CB3DA58D3337D5C56CBC06E5,0.42358254682680363,finite,9,finite,6833655,3FC641BF8DD05011943CE50D59CF2CD30FD1EA75B2A1FB916263F68642C8823A,0.8209930053038119,finite,3,finite,2277885,False,False,False,selected operating depth on the capped tested grid; not a global optimum
n30_lp_two_seed_depth_decision,30,840030011,learned_projector,LP-QAOA,lp_N30_seed840030011_p64_b800_reselect_ext1,64,800,1007935,1.0000000000000004,1,True,6202005C0BC60B26B215110E57B25BE3EAE3812462660AB10F713F20DB681E6C,0.3118777608319709,finite,13,finite,13103155,D6B50F2B62C6A127BD8401780725FC5C87DDF025CB3DA58D3337D5C56CBC06E5,0.6068306243583177,finite,5,finite,5039675,3FC641BF8DD05011943CE50D59CF2CD30FD1EA75B2A1FB916263F68642C8823A,0.9366130956433888,finite,2,finite,2015870,False,False,False,selected operating depth on the capped tested grid; not a global optimum
n30_lp_two_seed_depth_decision,30,840030011,learned_projector,LP-QAOA,lp_N30_seed840030011_p80_b800_reselect_ext2,80,800,1256575,0.9999999999999991,1,True,6202005C0BC60B26B215110E57B25BE3EAE3812462660AB10F713F20DB681E6C,0.4279714718879013,finite,9,finite,11309175,D6B50F2B62C6A127BD8401780725FC5C87DDF025CB3DA58D3337D5C56CBC06E5,0.7629228255371112,finite,4,finite,5026300,3FC641BF8DD05011943CE50D59CF2CD30FD1EA75B2A1FB916263F68642C8823A,0.9781029012822671,finite,2,finite,2513150,False,False,False,selected operating depth on the capped tested grid; not a global optimum
n30_lp_two_seed_depth_decision,30,840030011,learned_projector,LP-QAOA,lp_N30_seed840030011_p96_b800_reselect_ext2,96,800,1505215,1.0000000000000016,1,True,6202005C0BC60B26B215110E57B25BE3EAE3812462660AB10F713F20DB681E6C,0.48020225361272395,finite,8,finite,12041720,D6B50F2B62C6A127BD8401780725FC5C87DDF025CB3DA58D3337D5C56CBC06E5,0.8209322632369993,finite,3,finite,4515645,3FC641BF8DD05011943CE50D59CF2CD30FD1EA75B2A1FB916263F68642C8823A,0.98655464659186,finite,2,finite,3010430,True,False,False,selected operating depth on the capped tested grid; not a global optimum
n30_lp_two_seed_depth_decision,30,840030011,learned_projector,LP-QAOA,lp_N30_seed840030011_p112_b800_reselect_cap128,112,800,1753855,1.0000000000000004,1,True,6202005C0BC60B26B215110E57B25BE3EAE3812462660AB10F713F20DB681E6C,0.4751526690830255,finite,8,finite,14030840,D6B50F2B62C6A127BD8401780725FC5C87DDF025CB3DA58D3337D5C56CBC06E5,0.8324017028294428,finite,3,finite,5261565,3FC641BF8DD05011943CE50D59CF2CD30FD1EA75B2A1FB916263F68642C8823A,0.9751351862850839,finite,2,finite,3507710,False,False,False,selected operating depth on the capped tested grid; not a global optimum
n30_lp_two_seed_depth_decision,30,840030011,learned_projector,LP-QAOA,lp_N30_seed840030011_p128_b800_reselect_cap128,128,800,2002495,0.9999999999999998,1,True,6202005C0BC60B26B215110E57B25BE3EAE3812462660AB10F713F20DB681E6C,0.5453142985505472,finite,6,finite,12014970,D6B50F2B62C6A127BD8401780725FC5C87DDF025CB3DA58D3337D5C56CBC06E5,0.8968114051608265,finite,3,finite,6007485,3FC641BF8DD05011943CE50D59CF2CD30FD1EA75B2A1FB916263F68642C8823A,0.9849886047543088,finite,2,finite,4004990,False,False,False,selected operating depth on the capped tested grid; not a global optimum
n30_lp_two_seed_depth_decision,30,840030012,learned_projector,LP-QAOA,lp_N30_seed840030012_p1_b800_reselect,1,800,28915,0.9999999999999998,1,True,2C061419B0CCBA9580A64E84BE137347FE3FED53C55402A8F3522A2402D40729,0.000531516699020514,finite,8662,finite,250461730,190F28469A1AF1017080DECF55777294480C543F5D7C0C7EF2CFB6709A380998,0.0012017954104978769,finite,3830,finite,110744450,047526426BB0ED724ECFFD4C8BD64CC0CBA797111750082290190EB737BB8425,0.004948784406585495,finite,929,finite,26862035,False,False,False,selected operating depth on the capped tested grid; not a global optimum
n30_lp_two_seed_depth_decision,30,840030012,learned_projector,LP-QAOA,lp_N30_seed840030012_p2_b800_reselect,2,800,44455,1.0000000000000004,1,True,2C061419B0CCBA9580A64E84BE137347FE3FED53C55402A8F3522A2402D40729,0.0005999606975220223,finite,7674,finite,341147670,190F28469A1AF1017080DECF55777294480C543F5D7C0C7EF2CFB6709A380998,0.0014904423876940303,finite,3088,finite,137277040,047526426BB0ED724ECFFD4C8BD64CC0CBA797111750082290190EB737BB8425,0.007709426926649007,finite,596,finite,26495180,False,False,False,selected operating depth on the capped tested grid; not a global optimum
n30_lp_two_seed_depth_decision,30,840030012,learned_projector,LP-QAOA,lp_N30_seed840030012_p4_b800_reselect,4,800,75535,1.0000000000000004,1,True,2C061419B0CCBA9580A64E84BE137347FE3FED53C55402A8F3522A2402D40729,0.0013518243243982365,finite,3405,finite,257196675,190F28469A1AF1017080DECF55777294480C543F5D7C0C7EF2CFB6709A380998,0.0035062904948657677,finite,1312,finite,99101920,047526426BB0ED724ECFFD4C8BD64CC0CBA797111750082290190EB737BB8425,0.01847501214169952,finite,247,finite,18657145,False,False,False,selected operating depth on the capped tested grid; not a global optimum
n30_lp_two_seed_depth_decision,30,840030012,learned_projector,LP-QAOA,lp_N30_seed840030012_p8_b800_reselect,8,800,137695,1.0000000000000002,1,True,2C061419B0CCBA9580A64E84BE137347FE3FED53C55402A8F3522A2402D40729,0.012774841244981327,finite,359,finite,49432505,190F28469A1AF1017080DECF55777294480C543F5D7C0C7EF2CFB6709A380998,0.026932676633508144,finite,169,finite,23270455,047526426BB0ED724ECFFD4C8BD64CC0CBA797111750082290190EB737BB8425,0.08522781558582442,finite,52,finite,7160140,False,False,False,selected operating depth on the capped tested grid; not a global optimum
n30_lp_two_seed_depth_decision,30,840030012,learned_projector,LP-QAOA,lp_N30_seed840030012_p12_b800_reselect,12,800,199855,1.0,1,True,2C061419B0CCBA9580A64E84BE137347FE3FED53C55402A8F3522A2402D40729,0.0143252193385013,finite,320,finite,63953600,190F28469A1AF1017080DECF55777294480C543F5D7C0C7EF2CFB6709A380998,0.03709992860517359,finite,122,finite,24382310,047526426BB0ED724ECFFD4C8BD64CC0CBA797111750082290190EB737BB8425,0.1608621575094764,finite,27,finite,5396085,False,False,False,selected operating depth on the capped tested grid; not a global optimum
n30_lp_two_seed_depth_decision,30,840030012,learned_projector,LP-QAOA,lp_N30_seed840030012_p16_b800_reselect,16,800,262015,1.0000000000000007,1,True,2C061419B0CCBA9580A64E84BE137347FE3FED53C55402A8F3522A2402D40729,0.036318078167328835,finite,125,finite,32751875,190F28469A1AF1017080DECF55777294480C543F5D7C0C7EF2CFB6709A380998,0.08328995407907532,finite,53,finite,13886795,047526426BB0ED724ECFFD4C8BD64CC0CBA797111750082290190EB737BB8425,0.2750064231428306,finite,15,finite,3930225,False,False,False,selected operating depth on the capped tested grid; not a global optimum
n30_lp_two_seed_depth_decision,30,840030012,learned_projector,LP-QAOA,lp_N30_seed840030012_p24_b800_reselect,24,800,386335,0.9999999999999997,1,True,2C061419B0CCBA9580A64E84BE137347FE3FED53C55402A8F3522A2402D40729,0.06001961895566132,finite,75,finite,28975125,190F28469A1AF1017080DECF55777294480C543F5D7C0C7EF2CFB6709A380998,0.13372054939377945,finite,33,finite,12749055,047526426BB0ED724ECFFD4C8BD64CC0CBA797111750082290190EB737BB8425,0.39628764022556673,finite,10,finite,3863350,False,False,False,selected operating depth on the capped tested grid; not a global optimum
n30_lp_two_seed_depth_decision,30,840030012,learned_projector,LP-QAOA,lp_N30_seed840030012_p36_b800_reselect,36,800,572815,0.9999999999999999,1,True,2C061419B0CCBA9580A64E84BE137347FE3FED53C55402A8F3522A2402D40729,0.13573552343743545,finite,32,finite,18330080,190F28469A1AF1017080DECF55777294480C543F5D7C0C7EF2CFB6709A380998,0.2879843956512457,finite,14,finite,8019410,047526426BB0ED724ECFFD4C8BD64CC0CBA797111750082290190EB737BB8425,0.6861590181063509,finite,4,finite,2291260,False,False,False,selected operating depth on the capped tested grid; not a global optimum
n30_lp_two_seed_depth_decision,30,840030012,learned_projector,LP-QAOA,lp_N30_seed840030012_p48_b800_reselect_ext1,48,800,759295,0.9999999999999999,1,True,2C061419B0CCBA9580A64E84BE137347FE3FED53C55402A8F3522A2402D40729,0.2203214279831297,finite,19,finite,14426605,190F28469A1AF1017080DECF55777294480C543F5D7C0C7EF2CFB6709A380998,0.4356770223285643,finite,9,finite,6833655,047526426BB0ED724ECFFD4C8BD64CC0CBA797111750082290190EB737BB8425,0.8480807886599894,finite,3,finite,2277885,False,False,False,selected operating depth on the capped tested grid; not a global optimum
n30_lp_two_seed_depth_decision,30,840030012,learned_projector,LP-QAOA,lp_N30_seed840030012_p64_b800_reselect_ext1,64,800,1007935,1.0000000000000004,1,True,2C061419B0CCBA9580A64E84BE137347FE3FED53C55402A8F3522A2402D40729,0.28052687035990004,finite,14,finite,14111090,190F28469A1AF1017080DECF55777294480C543F5D7C0C7EF2CFB6709A380998,0.5589901266612214,finite,6,finite,6047610,047526426BB0ED724ECFFD4C8BD64CC0CBA797111750082290190EB737BB8425,0.9314120125070747,finite,2,finite,2015870,False,False,False,selected operating depth on the capped tested grid; not a global optimum
n30_lp_two_seed_depth_decision,30,840030012,learned_projector,LP-QAOA,lp_N30_seed840030012_p80_b800_reselect_ext2,80,800,1256575,1.0000000000000009,1,True,2C061419B0CCBA9580A64E84BE137347FE3FED53C55402A8F3522A2402D40729,0.3804784969009707,finite,10,finite,12565750,190F28469A1AF1017080DECF55777294480C543F5D7C0C7EF2CFB6709A380998,0.6631186668023444,finite,5,finite,6282875,047526426BB0ED724ECFFD4C8BD64CC0CBA797111750082290190EB737BB8425,0.954633805779478,finite,2,finite,2513150,False,False,False,selected operating depth on the capped tested grid; not a global optimum
n30_lp_two_seed_depth_decision,30,840030012,learned_projector,LP-QAOA,lp_N30_seed840030012_p96_b800_reselect_ext2,96,800,1505215,1.0000000000000002,1,True,2C061419B0CCBA9580A64E84BE137347FE3FED53C55402A8F3522A2402D40729,0.41943625349345387,finite,9,finite,13546935,190F28469A1AF1017080DECF55777294480C543F5D7C0C7EF2CFB6709A380998,0.707511414490956,finite,4,finite,6020860,047526426BB0ED724ECFFD4C8BD64CC0CBA797111750082290190EB737BB8425,0.959199586107704,finite,2,finite,3010430,True,False,False,selected operating depth on the capped tested grid; not a global optimum
n30_lp_two_seed_depth_decision,30,840030012,learned_projector,LP-QAOA,lp_N30_seed840030012_p112_b800_reselect_cap128,112,800,1753855,0.9999999999999996,1,True,2C061419B0CCBA9580A64E84BE137347FE3FED53C55402A8F3522A2402D40729,0.4510478308396989,finite,8,finite,14030840,190F28469A1AF1017080DECF55777294480C543F5D7C0C7EF2CFB6709A380998,0.7516927696051556,finite,4,finite,7015420,047526426BB0ED724ECFFD4C8BD64CC0CBA797111750082290190EB737BB8425,0.9790643076894545,finite,2,finite,3507710,False,False,False,selected operating depth on the capped tested grid; not a global optimum
n30_lp_two_seed_depth_decision,30,840030012,learned_projector,LP-QAOA,lp_N30_seed840030012_p128_b800_reselect_cap128,128,800,2002495,0.9999999999999997,1,True,2C061419B0CCBA9580A64E84BE137347FE3FED53C55402A8F3522A2402D40729,0.48831280591535575,finite,7,finite,14017465,190F28469A1AF1017080DECF55777294480C543F5D7C0C7EF2CFB6709A380998,0.7712292022605381,finite,4,finite,8009980,047526426BB0ED724ECFFD4C8BD64CC0CBA797111750082290190EB737BB8425,0.9795630212664318,finite,2,finite,4004990,False,False,False,selected operating depth on the capped tested grid; not a global optimum
