seed,label,trial,optimizer,optimizer_execution,restart,initializer_role,step,max_steps,restart_count,parameter_count,energy_min,objective_calls,gradient_l2,gradient_abs_mean,gradient_variance,gamma_gradient_variance,beta_gradient_variance,spsa_a_k,spsa_c_k,spsa_update_l2,elapsed_sec
126773974,Std-XY p=7,0,spsa,sequential,0,deterministic_linear_ramp,1,120,5,14,11.35297679901123,19,100.45719909667969,26.848318099975586,720.8320922851562,706.1212158203125,706.1212768554688,0.0016989550037200937,0.005,0.1706722527742386,0.19611144065856934
126773974,Std-XY p=7,0,spsa,sequential,0,deterministic_linear_ramp,5,120,5,14,6.551854133605957,27,170.26141357421875,45.5042839050293,1901.607666015625,1690.3179931640625,2028.3814697265625,0.001445591294817377,0.004249854228953168,0.24612845480442047,0.23543787002563477
126773974,Std-XY p=7,0,spsa,sequential,0,deterministic_linear_ramp,10,120,5,14,4.810064315795898,37,70.12721252441406,18.74228858947754,344.1044616699219,344.1044921875,286.75372314453125,0.001237762500559673,0.003962506652402359,0.08680083602666855,0.28447675704956055
126773974,Std-XY p=7,0,spsa,sequential,0,deterministic_linear_ramp,15,120,5,14,3.347362518310547,47,22.211761474609375,5.936343193054199,34.5209846496582,34.5209846496582,34.5209846496582,0.0010941951587993852,0.003803511968368888,0.02430400438606739,0.33319735527038574
126773974,Std-XY p=7,0,spsa,sequential,0,deterministic_linear_ramp,20,120,5,14,1.9819897413253784,57,38.33036804199219,10.244221687316895,85.66863250732422,51.401180267333984,102.80236053466797,0.0009878147074067465,0.003694587655116011,0.03786330297589302,0.38164544105529785
126773974,Std-XY p=7,0,spsa,sequential,0,deterministic_linear_ramp,25,120,5,14,1.5279572010040283,67,82.44119262695312,22.033334732055664,485.46783447265625,475.560302734375,475.56036376953125,0.0009051453758724941,0.0036122521934702266,0.07462126016616821,0.4332282543182373
126773974,Std-XY p=7,0,spsa,sequential,0,deterministic_linear_ramp,30,120,5,14,1.1735467910766602,77,7.010619640350342,1.8736670017242432,3.4389820098876953,2.8658182621002197,3.4389820098876953,0.0008386479739808437,0.003546343160307909,0.005879441741853952,0.48195767402648926
126773974,Std-XY p=7,0,spsa,sequential,0,deterministic_linear_ramp,35,120,5,14,0.9406597018241882,87,20.884572982788086,5.581636905670166,30.51885986328125,15.259430885314941,25.432384490966797,0.0007837415373935582,0.003491556964006871,0.01636810600757599,0.5300619602203369
126773974,Std-XY p=7,0,spsa,sequential,0,deterministic_linear_ramp,40,120,5,14,0.8935745358467102,97,16.56791114807129,4.4279608726501465,19.60683250427246,19.206693649291992,19.206693649291992,0.0007374655918067464,0.003444783602586513,0.012218263931572437,0.5778851509094238
126773974,Std-XY p=7,0,spsa,sequential,0,deterministic_linear_ramp,45,120,5,14,0.8782932162284851,107,43.58205032348633,11.64779281616211,132.90228271484375,110.75189971923828,132.90228271484375,0.0006978130898356423,0.0034040469423556765,0.03041212633252144,0.6259922981262207
126773974,Std-XY p=7,0,spsa,sequential,0,deterministic_linear_ramp,50,120,5,14,0.8782932162284851,117,16.8497314453125,4.503280162811279,16.554719924926758,16.554719924926758,16.554719924926758,0.0006633702300783249,0.0033680151307934453,0.01117760967463255,0.6738090515136719
126773974,Std-XY p=7,0,spsa,sequential,0,deterministic_linear_ramp,55,120,5,14,0.8652762174606323,127,8.898980140686035,2.378352642059326,4.617599964141846,4.617599964141846,4.617599964141846,0.0006331093738181879,0.00333574906293868,0.005634027533233166,0.7216446399688721
126773974,Std-XY p=7,0,spsa,sequential,0,deterministic_linear_ramp,60,120,5,14,0.8320872783660889,137,47.921409606933594,12.807537078857422,160.6853790283203,133.9044647216797,160.6853790283203,0.0006062637648412045,0.0033065624389387836,0.029053015634417534,0.7700316905975342
126773974,Std-XY p=7,0,spsa,sequential,0,deterministic_linear_ramp,65,120,5,14,0.7861557006835938,147,3.0795373916625977,0.8230410218238831,0.6773964166641235,0.552976667881012,0.552976667881012,0.0005822484732341721,0.00327993891312262,0.0017930559115484357,0.8181500434875488
126773974,Std-XY p=7,0,spsa,sequential,0,deterministic_linear_ramp,70,120,5,14,0.7582278847694397,157,14.955867767333984,3.997123956680298,15.976998329162598,15.6509370803833,15.6509370803833,0.0005606087033548356,0.0032554805298644204,0.00838438980281353,0.8664109706878662
126773974,Std-XY p=7,0,spsa,sequential,0,deterministic_linear_ramp,75,120,5,14,0.7519971132278442,167,2.7292230129241943,0.7294155955314636,0.5211889147758484,0.5211889147758484,0.5211889147758484,0.0005409849518927437,0.0032328742847293024,0.0014764685183763504,0.9140830039978027
126773974,Std-XY p=7,0,spsa,sequential,0,deterministic_linear_ramp,80,120,5,14,0.7169275283813477,177,34.28001403808594,9.16171932220459,77.08509826660156,82.2240982055664,68.52008819580078,0.000523088898248406,0.003211869679750853,0.017931494861841202,0.9624953269958496
126773974,Std-XY p=7,0,spsa,sequential,0,deterministic_linear_ramp,85,120,5,14,0.6968581080436707,187,27.321455001831055,7.301966190338135,52.23057174682617,43.52547836303711,52.23057174682617,0.000506686333975257,0.003192263210215197,0.013843408785760403,1.010587453842163
126773974,Std-XY p=7,0,spsa,sequential,0,deterministic_linear_ramp,90,120,5,14,0.6852996349334717,197,9.593825340270996,2.5640578269958496,6.440221309661865,6.440221309661865,5.366850852966309,0.0004915848290870854,0.0031738873682490526,0.004716179333627224,1.0584373474121094
126773974,Std-XY p=7,0,spsa,sequential,0,deterministic_linear_ramp,95,120,5,14,0.6699799299240112,207,3.1840364933013916,0.8509696125984192,0.5911421775817871,0.35468530654907227,0.7093706130981445,0.0004776246591770392,0.003156602674903236,0.0015207744436338544,1.1089723110198975
126773974,Std-XY p=7,0,spsa,sequential,0,deterministic_linear_ramp,100,120,5,14,0.6662722826004028,217,7.832606315612793,2.0933520793914795,4.382122993469238,4.292692184448242,4.292692184448242,0.00046467202307855845,0.0031402917940665897,0.0036395930219441652,1.1567497253417969
126773974,Std-XY p=7,0,spsa,sequential,0,deterministic_linear_ramp,105,120,5,14,0.6545554995536804,227,5.97218656539917,1.5961339473724365,2.4956510066986084,2.4956510066986084,2.4956510066986084,0.00045261389891971496,0.0031248551092334926,0.002703094622120261,1.204270839691162
126773974,Std-XY p=7,0,spsa,sequential,0,deterministic_linear_ramp,110,120,5,14,0.6444305181503296,237,6.78800106048584,1.8141696453094482,3.022541046142578,2.6867034435272217,3.22404408454895,0.000441354091394658,0.003110207348428353,0.002995912218466401,1.25177001953125
126773974,Std-XY p=7,0,spsa,sequential,0,deterministic_linear_ramp,115,120,5,14,0.6323943734169006,247,14.474313735961914,3.8684234619140625,14.659295082092285,12.216079711914062,14.659295082092285,0.0004308101580408459,0.0030962749733632706,0.006235681474208832,1.2999629974365234
126773974,Std-XY p=7,0,spsa,sequential,0,deterministic_linear_ramp,120,120,5,14,0.6256895661354065,257,9.943766593933105,2.657583713531494,6.918612003326416,6.918612480163574,6.918612003326416,0.000420910992940711,0.003082994134626136,0.004185440484434366,1.3473351001739502
126773974,Std-XY p=7,0,spsa,sequential,1,random_shared_stream,1,120,5,14,5.900475025177002,19,6.6845383644104,1.7865182161331177,3.126511335372925,2.605426073074341,3.1265110969543457,0.05818391262058952,0.005,0.25,1.4438574314117432
126773974,Std-XY p=7,0,spsa,sequential,1,random_shared_stream,5,120,5,14,5.799982070922852,27,3.19522762298584,0.8539605736732483,0.729248583316803,0.5953049659729004,0.5953049659729004,0.04950699541692892,0.004249854228953168,0.15818612277507782,1.4832007884979248
126773974,Std-XY p=7,0,spsa,sequential,1,random_shared_stream,10,120,5,14,5.787336826324463,37,0.053806159645318985,0.014380302280187607,0.00010128639405593276,0.0,0.00016881067131180316,0.042389507091072726,0.003962506652402359,0.0022808166686445475,1.5313966274261475
126773974,Std-XY p=7,0,spsa,sequential,1,random_shared_stream,15,120,5,14,5.7503557205200195,47,6.377411842346191,1.704435110092163,2.845810651779175,2.845811128616333,2.845811128616333,0.03747277318707869,0.003803511968368888,0.23897932469844818,1.5796728134155273
126773974,Std-XY p=7,0,spsa,sequential,1,random_shared_stream,20,120,5,14,5.7503557205200195,57,4.788315773010254,1.279731273651123,1.5040210485458374,1.604289174079895,0.8021445870399475,0.03382957435319839,0.003694587655116011,0.16198667883872986,1.6267797946929932
126773974,Std-XY p=7,0,spsa,sequential,1,random_shared_stream,25,120,5,14,5.7503557205200195,67,1.4778066873550415,0.39496049284935,0.1559937745332718,0.1528102159500122,0.1528102308511734,0.030998407458336968,0.0036122521934702266,0.045809656381607056,1.6739866733551025
126773974,Std-XY p=7,0,spsa,sequential,1,random_shared_stream,30,120,5,14,5.7503557205200195,77,6.2673540115356445,1.6750208139419556,2.805694818496704,2.7484357357025146,2.7484357357025146,0.02872107873998472,0.003546343160307909,0.18000517785549164,1.7214951515197754
126773974,Std-XY p=7,0,spsa,sequential,1,random_shared_stream,35,120,5,14,5.7503557205200195,87,0.4154373109340668,0.11103030294179916,0.012076140381395817,0.012076140381395817,0.012076141312718391,0.026840704450078638,0.003491556964006871,0.011150629259645939,1.769075632095337
126773974,Std-XY p=7,0,spsa,sequential,1,random_shared_stream,40,120,5,14,5.7503557205200195,97,7.117671489715576,1.9022777080535889,3.5448105335235596,2.9540085792541504,3.5448105335235596,0.02525589757257889,0.003444783602586513,0.17976318299770355,1.8166191577911377
126773974,Std-XY p=7,0,spsa,sequential,1,random_shared_stream,45,120,5,14,5.7503557205200195,107,0.7882906794548035,0.2106795608997345,0.02989252470433712,0.036233365535736084,0.02174001932144165,0.02389792299124938,0.0034040469423556765,0.018838511779904366,1.8638734817504883
126773974,Std-XY p=7,0,spsa,sequential,1,random_shared_stream,50,120,5,14,5.7503557205200195,117,3.867077589035034,1.0335201025009155,0.8719702959060669,0.8719702363014221,0.8719702363014221,0.02271836241540429,0.0033680151307934453,0.08785367012023926,1.9111049175262451
126773974,Std-XY p=7,0,spsa,sequential,1,random_shared_stream,55,120,5,14,5.7503557205200195,127,1.2440861463546753,0.3324960470199585,0.10829740762710571,0.09024784713983536,0.10829740762710571,0.021682022422521163,0.00333574906293868,0.026974303647875786,1.9583323001861572
126773974,Std-XY p=7,0,spsa,sequential,1,random_shared_stream,60,120,5,14,5.7503557205200195,137,1.9419552087783813,0.5190093517303467,0.2638733685016632,0.2198944389820099,0.1319366842508316,0.020762644002525844,0.0033065624389387836,0.040320124477148056,2.005596876144409
126773974,Std-XY p=7,0,spsa,sequential,1,random_shared_stream,65,120,5,14,5.7503557205200195,147,6.110593795776367,1.6331250667572021,2.4493749141693115,2.1772220134735107,2.612666606903076,0.019940195129329107,0.00327993891312262,0.12184643745422363,2.0528273582458496
126773974,Std-XY p=7,0,spsa,sequential,1,random_shared_stream,70,120,5,14,5.7503557205200195,157,1.676206350326538,0.4479850232601166,0.19659481942653656,0.19659483432769775,0.1638290137052536,0.019199100469946113,0.0032554805298644204,0.03218165785074234,2.1003406047821045
126773974,Std-XY p=7,0,spsa,sequential,1,random_shared_stream,75,120,5,14,5.7503557205200195,167,0.6131395697593689,0.16386845707893372,0.02466079592704773,0.026304850354790688,0.013152423314750195,0.018527048156695657,0.0032328742847293024,0.011359666474163532,2.1475796699523926
126773974,Std-XY p=7,0,spsa,sequential,1,random_shared_stream,80,120,5,14,5.7503557205200195,177,2.6341335773468018,0.704001784324646,0.45515984296798706,0.4855038523674011,0.24275194108486176,0.017914164107844723,0.003211869679750853,0.047188304364681244,2.1947858333587646
126773974,Std-XY p=7,0,spsa,sequential,1,random_shared_stream,85,120,5,14,5.750065803527832,187,1.3651174306869507,0.3648429811000824,0.1331104040145874,0.1303938627243042,0.1303938627243042,0.017352427414210815,0.003192263210215197,0.023688102141022682,2.2422969341278076
126773974,Std-XY p=7,0,spsa,sequential,1,random_shared_stream,90,120,5,14,5.746392250061035,197,0.04553314298391342,0.012169244699180126,0.00014506824663840234,0.00012089020310668275,0.00014506823208648711,0.016835247948640025,0.0031738873682490526,0.0007665617158636451,2.2895615100860596
126773974,Std-XY p=7,0,spsa,sequential,1,random_shared_stream,95,120,5,14,5.74506950378418,207,1.0481925010681152,0.2801412343978882,0.07687749713659286,0.07687749713659286,0.06406457722187042,0.01635715564811637,0.003156602674903236,0.017145449295639992,2.336813449859619
126773974,Std-XY p=7,0,spsa,sequential,1,random_shared_stream,100,120,5,14,5.74506950378418,217,1.868366003036499,0.49934184551239014,0.20354469120502472,0.2035447061061859,0.2035447061061859,0.015913568239791776,0.0031402917940665897,0.029732372611761093,2.3840529918670654
126773974,Std-XY p=7,0,spsa,sequential,1,random_shared_stream,105,120,5,14,5.742403030395508,227,0.19212740659713745,0.051348213106393814,0.002582829911261797,0.0012914148392155766,0.0021523581817746162,0.015500615076882728,0.0031248551092334926,0.0029780929908156395,2.4321742057800293
126773974,Std-XY p=7,0,spsa,sequential,1,random_shared_stream,110,120,5,14,5.737122535705566,237,0.1095665842294693,0.02928290329873562,0.0007874892908148468,0.0006999904289841652,0.0008399885846301913,0.015115001770039372,0.003110207348428353,0.0016560991061851382,2.4796857833862305
126773974,Std-XY p=7,0,spsa,sequential,1,random_shared_stream,115,120,5,14,5.7362189292907715,247,1.932669758796692,0.5165277719497681,0.2668008804321289,0.21779663860797882,0.21779663860797882,0.014753904921922613,0.0030962749733632706,0.028514424338936806,2.5272269248962402
126773974,Std-XY p=7,0,spsa,sequential,1,random_shared_stream,120,120,5,14,5.7362189292907715,257,0.0344332791864872,0.009202681481838226,8.296099258586764e-05,8.296099258586764e-05,8.296099258586764e-05,0.014414889376518605,0.003082994134626136,0.0004963519750162959,2.5744826793670654
126773974,Std-XY p=7,0,spsa,sequential,2,random_shared_stream,1,120,5,14,5.83460807800293,19,1.402529239654541,0.37484171986579895,0.13763882219791412,0.11469902098178864,0.13763882219791412,0.26074248875244865,0.005,0.25,2.6732845306396484
126773974,Std-XY p=7,0,spsa,sequential,2,random_shared_stream,5,120,5,14,5.803958892822266,27,1.151138424873352,0.3076547086238861,0.08692475408315659,0.07726644724607468,0.09271974116563797,0.22185818406268817,0.004249854228953168,0.25,2.712318181991577
126773974,Std-XY p=7,0,spsa,sequential,2,random_shared_stream,10,120,5,14,5.801297664642334,37,1.5171536207199097,0.4054763913154602,0.1610557585954666,0.1610557585954666,0.1610557585954666,0.18996222629422554,0.003962506652402359,0.25,2.760449171066284
126773974,Std-XY p=7,0,spsa,sequential,2,random_shared_stream,15,120,5,14,5.801297664642334,47,1.563686728477478,0.4179128408432007,0.1746511459350586,0.17108683288097382,0.17108683288097382,0.16792861980542287,0.003803511968368888,0.25,2.807678699493408
126773974,Std-XY p=7,0,spsa,sequential,2,random_shared_stream,20,120,5,14,5.801297664642334,57,0.7019127607345581,0.18759410083293915,0.034473344683647156,0.028727786615490913,0.034473348408937454,0.15160216996420312,0.003694587655116011,0.10641150176525116,2.855769634246826
126773974,Std-XY p=7,0,spsa,sequential,2,random_shared_stream,25,120,5,14,5.801297664642334,67,2.076436996459961,0.5549511313438416,0.28283029794692993,0.1508428156375885,0.301685631275177,0.1389147196194066,0.0036122521934702266,0.25,2.9035820960998535
126773974,Std-XY p=7,0,spsa,sequential,2,random_shared_stream,30,120,5,14,5.801297664642334,77,2.677743911743164,0.715657114982605,0.5017127394676208,0.4180939793586731,0.5017127394676208,0.1287092121004698,0.003546343160307909,0.25,2.951415538787842
126773974,Std-XY p=7,0,spsa,sequential,2,random_shared_stream,35,120,5,14,5.801297664642334,87,1.449942708015442,0.38751351833343506,0.1379082053899765,0.14710208773612976,0.12258505821228027,0.12028259639084268,0.003491556964006871,0.1744028776884079,2.998908281326294
126773974,Std-XY p=7,0,spsa,sequential,2,random_shared_stream,40,120,5,14,5.801297664642334,97,0.8866984248161316,0.236980140209198,0.05615957826375961,0.055013466626405716,0.055013466626405716,0.11318052176540656,0.003444783602586513,0.10035698860883713,3.0464491844177246
126773974,Std-XY p=7,0,spsa,sequential,2,random_shared_stream,45,120,5,14,5.801297664642334,107,0.13810810446739197,0.03691094368696213,0.0012511999811977148,0.0006673065945506096,0.001334613305516541,0.10709496209692318,0.0034040469423556765,0.014790681190788746,3.0939581394195557
126773974,Std-XY p=7,0,spsa,sequential,2,random_shared_stream,50,120,5,14,5.801297664642334,117,4.627249717712402,1.2366845607757568,1.2484806776046753,0.7490882873535156,1.4981766939163208,0.10180893806849983,0.0033680151307934453,0.25,3.14113450050354
126773974,Std-XY p=7,0,spsa,sequential,2,random_shared_stream,55,120,5,14,5.801297664642334,127,1.1756240129470825,0.31419873237609863,0.09670612961053848,0.0805884525179863,0.09670612961053848,0.09716473562889938,0.00333574906293868,0.11422920227050781,3.1883280277252197
126773974,Std-XY p=7,0,spsa,sequential,2,random_shared_stream,60,120,5,14,5.801297664642334,137,1.369458794593811,0.36600324511528015,0.13122452795505524,0.13122452795505524,0.13122452795505524,0.0930446789579418,0.0033065624389387836,0.1274208426475525,3.2355682849884033
126773974,Std-XY p=7,0,spsa,sequential,2,random_shared_stream,65,120,5,14,5.801297664642334,147,1.0476703643798828,0.280001699924469,0.07680090516805649,0.07680092006921768,0.06400076299905777,0.08935899753140471,0.00327993891312262,0.09361878037452698,3.282794237136841
126773974,Std-XY p=7,0,spsa,sequential,2,random_shared_stream,70,120,5,14,5.801297664642334,157,1.0163559913635254,0.2716325521469116,0.04969143122434616,0.06023203954100609,0.03613922372460365,0.08603789282762288,0.0032554805298644204,0.08744511753320694,3.3306002616882324
126773974,Std-XY p=7,0,spsa,sequential,2,random_shared_stream,75,120,5,14,5.801297664642334,167,1.976561188697815,0.528258204460144,0.2733617126941681,0.22780141234397888,0.2733617126941681,0.08302619105583872,0.0032328742847293024,0.1641063541173935,3.377835988998413
126773974,Std-XY p=7,0,spsa,sequential,2,random_shared_stream,80,120,5,14,5.801297664642334,177,0.8360124230384827,0.2234337329864502,0.04584731534123421,0.04890379682183266,0.02445189841091633,0.08027964299785337,0.003211869679750853,0.06711477041244507,3.425649404525757
126773974,Std-XY p=7,0,spsa,sequential,2,random_shared_stream,85,120,5,14,5.801297664642334,187,0.840029239654541,0.22450727224349976,0.04114571958780289,0.04937486723065376,0.02468743361532688,0.0777623041506572,0.003192263210215197,0.06532260775566101,3.4728920459747314
126773974,Std-XY p=7,0,spsa,sequential,2,random_shared_stream,90,120,5,14,5.801297664642334,197,0.02108015865087509,0.005633909720927477,2.914983815571759e-05,3.109315730398521e-05,1.5546580470982008e-05,0.07544464184657781,0.0031738873682490526,0.00159038498532027,3.5203986167907715
126773974,Std-XY p=7,0,spsa,sequential,2,random_shared_stream,95,120,5,14,5.798759460449219,207,1.831298828125,0.48943522572517395,0.23954680562019348,0.23465809226036072,0.2346581071615219,0.07330214281759695,0.003156602674903236,0.1342381238937378,3.5682597160339355
126773974,Std-XY p=7,0,spsa,sequential,2,random_shared_stream,100,120,5,14,5.793837547302246,217,1.1894251108169556,0.31788724660873413,0.09280311316251755,0.08249165862798691,0.09898998588323593,0.0713142722943473,0.0031402917940665897,0.08482299000024796,3.616086959838867
126773974,Std-XY p=7,0,spsa,sequential,2,random_shared_stream,105,120,5,14,5.793837547302246,227,0.6743015646934509,0.18021468818187714,0.032477326691150665,0.026512105017900467,0.026512103155255318,0.06946368455307192,0.0031248551092334926,0.04683947190642357,3.663585662841797
126773974,Std-XY p=7,0,spsa,sequential,2,random_shared_stream,110,120,5,14,5.793837547302246,237,0.806260883808136,0.21548230946063995,0.04548501595854759,0.04548501595854759,0.037904176861047745,0.06773561628138236,0.003110207348428353,0.05461258441209793,3.7108418941497803
126773974,Std-XY p=7,0,spsa,sequential,2,random_shared_stream,115,120,5,14,5.793837547302246,247,0.5315706133842468,0.14206823706626892,0.019771473482251167,0.019771473482251167,0.019771473482251167,0.06611741484703415,0.0030962749733632706,0.0351460762321949,3.758667469024658
126773974,Std-XY p=7,0,spsa,sequential,2,random_shared_stream,120,120,5,14,5.793837547302246,257,2.089723825454712,0.558502197265625,0.2546324133872986,0.2546324133872986,0.2546324133872986,0.06459816746312533,0.003082994134626136,0.1349923312664032,3.805910587310791
126773974,Std-XY p=7,0,spsa,sequential,3,random_shared_stream,1,120,5,14,6.025379657745361,19,9.63768196105957,2.5757789611816406,5.416029930114746,3.2496182918548584,6.499236583709717,0.029883431714467907,0.005,0.25,3.9019885063171387
126773974,Std-XY p=7,0,spsa,sequential,3,random_shared_stream,5,120,5,14,5.874327182769775,27,1.5165891647338867,0.4053255021572113,0.1508774310350418,0.13411326706409454,0.1609359234571457,0.025426941061484104,0.004249854228953168,0.03856222331523895,3.9404332637786865
126773974,Std-XY p=7,0,spsa,sequential,3,random_shared_stream,10,120,5,14,5.851327419281006,37,10.147076606750488,2.7119204998016357,7.204420566558838,7.2044196128845215,6.003683567047119,0.02177137774879998,0.003962506652402359,0.22091582417488098,3.98795223236084
126773974,Std-XY p=7,0,spsa,sequential,3,random_shared_stream,15,120,5,14,5.8492751121521,47,8.846193313598633,2.3642449378967285,5.133354663848877,4.562982082366943,5.475578784942627,0.01924612849586092,0.003803511968368888,0.17025499045848846,4.035217046737671
126773974,Std-XY p=7,0,spsa,sequential,3,random_shared_stream,20,120,5,14,5.8492751121521,57,4.96481990814209,1.326904058456421,1.6169456243515015,0.862371027469635,1.7247419357299805,0.017374970667675183,0.003694587655116011,0.08626360446214676,4.08276104927063
126773974,Std-XY p=7,0,spsa,sequential,3,random_shared_stream,25,120,5,14,5.8492751121521,67,0.7184056639671326,0.19200199842453003,0.03611242398619652,0.01805621199309826,0.030093688517808914,0.01592087487445219,0.0036122521934702266,0.011437647975981236,4.130313396453857
126773974,Std-XY p=7,0,spsa,sequential,3,random_shared_stream,30,120,5,14,5.8492751121521,77,7.729862689971924,2.0658926963806152,3.484010696411133,2.0904061794281006,4.180812358856201,0.014751232026779658,0.003546343160307909,0.11402500420808792,4.178179740905762
126773974,Std-XY p=7,0,spsa,sequential,3,random_shared_stream,35,120,5,14,5.744895935058594,87,2.8832781314849854,0.7705885767936707,0.29084405303001404,0.48474010825157166,0.0,0.013785466161969719,0.003491556964006871,0.03974733501672745,4.226888179779053
126773974,Std-XY p=7,0,spsa,sequential,3,random_shared_stream,40,120,5,14,5.741775989532471,97,4.2229533195495605,1.128631830215454,1.2478134632110596,1.2478134632110596,1.0398445129394531,0.012971504605049197,0.003444783602586513,0.05477805808186531,4.27470326423645
126773974,Std-XY p=7,0,spsa,sequential,3,random_shared_stream,45,120,5,14,5.741775989532471,107,1.4400455951690674,0.38486841320991516,0.14510072767734528,0.14510072767734528,0.12091727554798126,0.01227404479453822,0.0034040469423556765,0.017675185576081276,4.321893692016602
126773974,Std-XY p=7,0,spsa,sequential,3,random_shared_stream,50,120,5,14,5.736623287200928,117,1.2475299835205078,0.3334164023399353,0.07486724108457565,0.05444889888167381,0.09074815362691879,0.011668218951384599,0.0033680151307934453,0.014556452631950378,4.369704484939575
126773974,Std-XY p=7,0,spsa,sequential,3,random_shared_stream,55,120,5,14,5.723877906799316,127,7.397926330566406,1.9771791696548462,3.8294568061828613,1.9147282838821411,3.191213846206665,0.011135951628417804,0.00333574906293868,0.08238295465707779,4.418903589248657
126773974,Std-XY p=7,0,spsa,sequential,3,random_shared_stream,60,120,5,14,5.723877906799316,137,4.521696090698242,1.2084741592407227,1.4604097604751587,1.4306056499481201,1.4306055307388306,0.010663756119448833,0.0033065624389387836,0.0482182651758194,4.467606067657471
126773974,Std-XY p=7,0,spsa,sequential,3,random_shared_stream,65,120,5,14,5.720067977905273,147,0.29346734285354614,0.07843245565891266,0.0061516487039625645,0.006026104558259249,0.006026105023920536,0.010241343915905846,0.00327993891312262,0.003005499951541424,4.515096187591553
126773974,Std-XY p=7,0,spsa,sequential,3,random_shared_stream,70,120,5,14,5.7158074378967285,157,2.4895105361938477,0.6653497219085693,0.43365567922592163,0.433655709028244,0.43365567922592163,0.009860715480137991,0.0032554805298644204,0.024548353627324104,4.5629658699035645
126773974,Std-XY p=7,0,spsa,sequential,3,random_shared_stream,75,120,5,14,5.714040756225586,167,0.6465283632278442,0.172791987657547,0.029247736558318138,0.029247736558318138,0.029247736558318138,0.009515547400044606,0.0032328742847293024,0.006152071058750153,4.610461235046387
126773974,Std-XY p=7,0,spsa,sequential,3,random_shared_stream,80,120,5,14,5.704728603363037,177,2.554975986480713,0.6828461289405823,0.4662787616252899,0.4567628502845764,0.4567628502845764,0.009200768317686325,0.003211869679750853,0.02350774221122265,4.658738136291504
126773974,Std-XY p=7,0,spsa,sequential,3,random_shared_stream,85,120,5,14,5.703470230102539,187,1.521609902381897,0.4066673815250397,0.15187807381153107,0.0810016319155693,0.1620032787322998,0.008912258670093813,0.003192263210215197,0.01356098148971796,4.706118106842041
126773974,Std-XY p=7,0,spsa,sequential,3,random_shared_stream,90,120,5,14,5.69850492477417,197,3.8143842220306396,1.0194371938705444,0.9544150233268738,0.8483689427375793,1.018042802810669,0.008646633748231122,0.0031738873682490526,0.03298158571124077,4.7539756298065186
126773974,Std-XY p=7,0,spsa,sequential,3,random_shared_stream,95,120,5,14,5.6927690505981445,207,2.2896885871887207,0.6119450330734253,0.3439071774482727,0.3668343722820282,0.3056953251361847,0.008401084111356826,0.003156602674903236,0.019235866144299507,4.8020853996276855
126773974,Std-XY p=7,0,spsa,sequential,3,random_shared_stream,100,120,5,14,5.688355922698975,217,1.6499117612838745,0.4409574866294861,0.194443479180336,0.1904752552509308,0.1904752552509308,0.008173256290417626,0.0031402917940665897,0.013485150411725044,4.8499345779418945
126773974,Std-XY p=7,0,spsa,sequential,3,random_shared_stream,105,120,5,14,5.684085369110107,227,2.3135223388671875,0.6183149218559265,0.31209248304367065,0.3745109736919403,0.18725548684597015,0.00796116230963746,0.0031248551092334926,0.0184183269739151,4.898364543914795
126773974,Std-XY p=7,0,spsa,sequential,3,random_shared_stream,110,120,5,14,5.675621509552002,237,2.0103461742401123,0.5372875928878784,0.2827865779399872,0.2827865779399872,0.2356555014848709,0.007763110160783419,0.003110207348428353,0.015606537461280823,4.946792125701904
126773974,Std-XY p=7,0,spsa,sequential,3,random_shared_stream,115,120,5,14,5.632784366607666,247,4.118879795074463,1.100817084312439,0.9892228841781616,0.9892228245735168,0.9892229437828064,0.007577649738529377,0.0030962749733632706,0.031211430206894875,4.995217800140381
126773974,Std-XY p=7,0,spsa,sequential,3,random_shared_stream,120,120,5,14,5.606534004211426,257,6.518885612487793,1.7422454357147217,1.4867359399795532,1.4867359399795532,1.4867359399795532,0.007403530339456192,0.003082994134626136,0.04826276749372482,5.043358087539673
126773974,Std-XY p=7,0,spsa,sequential,4,continuation,1,120,5,14,-0.07537952065467834,19,29.56083106994629,7.90046501159668,61.143516540527344,30.571758270263672,50.95293045043945,0.00848309268634046,0.005,0.25,5.138835668563843
126773974,Std-XY p=7,0,spsa,sequential,4,continuation,5,120,5,14,-0.07537952065467834,27,345.1190185546875,92.23694610595703,6945.0224609375,8334.02734375,4167.01318359375,0.007218016318060826,0.004249854228953168,0.25,5.176997423171997
126773974,Std-XY p=7,0,spsa,sequential,4,continuation,10,120,5,14,-0.07537952065467834,37,241.7170867919922,64.60160827636719,2810.635498046875,3406.83056640625,2044.0985107421875,0.006180301416419471,0.003962506652402359,0.25,5.224189519882202
126773974,Std-XY p=7,0,spsa,sequential,4,continuation,15,120,5,14,-0.07537952065467834,47,66.46641540527344,17.763896942138672,309.1161193847656,257.5967712402344,309.1161193847656,0.005463451903502829,0.003803511968368888,0.25,5.271405220031738
126773974,Std-XY p=7,0,spsa,sequential,4,continuation,20,120,5,14,-0.07537952065467834,57,35.516258239746094,9.492118835449219,90.10032653808594,88.26154327392578,88.26154327392578,0.004932281138413416,0.003694587655116011,0.17517615854740143,5.318619251251221
126773974,Std-XY p=7,0,spsa,sequential,4,continuation,25,120,5,14,-0.07537952065467834,67,73.39086151123047,19.614532470703125,376.8782653808594,314.06524658203125,376.8782653808594,0.004519502930522508,0.0036122521934702266,0.25,5.365822076797485
126773974,Std-XY p=7,0,spsa,sequential,4,continuation,30,120,5,14,-0.07537952065467834,77,19.274974822998047,5.151453495025635,25.995895385742188,25.995893478393555,21.66324234008789,0.004187473169632714,0.003546343160307909,0.0807134360074997,5.41301703453064
126773974,Std-XY p=7,0,spsa,sequential,4,continuation,35,120,5,14,-0.07537952065467834,87,46.40583038330078,12.402480125427246,153.82151794433594,150.6822967529297,150.6822967529297,0.003913318533620143,0.003491556964006871,0.18160080909729004,5.46020245552063
126773974,Std-XY p=7,0,spsa,sequential,4,continuation,40,120,5,14,-0.07537952065467834,97,72.59532165527344,19.40191650390625,376.4343566894531,307.2933654785156,307.2933654785156,0.003682257007740175,0.003444783602586513,0.25,5.50740909576416
126773974,Std-XY p=7,0,spsa,sequential,4,continuation,45,120,5,14,-0.07537952065467834,107,28.727928161621094,7.677862167358398,58.94955825805664,57.74650955200195,57.74650192260742,0.003484267155902055,0.0034040469423556765,0.10009577870368958,5.5578718185424805
126773974,Std-XY p=7,0,spsa,sequential,4,continuation,50,120,5,14,-0.07537952065467834,117,18.813861846923828,5.028216361999512,24.76698112487793,24.766983032226562,24.766983032226562,0.0033122896926589575,0.0033680151307934453,0.06231696158647537,5.605077743530273
126773974,Std-XY p=7,0,spsa,sequential,4,continuation,55,120,5,14,-0.07537952065467834,127,133.6743927001953,35.725990295410156,1250.2982177734375,1041.9151611328125,1250.2982177734375,0.0031611934906638035,0.00333574906293868,0.25,5.652288913726807
126773974,Std-XY p=7,0,spsa,sequential,4,continuation,60,120,5,14,-0.07537952065467834,137,80.86578369140625,21.61229133605957,457.55859375,457.55859375,457.55859375,0.0030271500412055487,0.0033065624389387836,0.24479283392429352,5.699769020080566
126773974,Std-XY p=7,0,spsa,sequential,4,continuation,65,120,5,14,-0.07537952065467834,147,178.85543823242188,47.80112838745117,2238.31591796875,2238.31591796875,1865.2633056640625,0.002907238716805627,0.00327993891312262,0.25,5.748564720153809
126773974,Std-XY p=7,0,spsa,sequential,4,continuation,70,120,5,14,-0.07537952065467834,157,18.206172943115234,4.865804672241211,21.743310928344727,19.327388763427734,23.1928653717041,0.002799188666512633,0.0032554805298644204,0.05096251145005226,5.795352935791016
126773974,Std-XY p=7,0,spsa,sequential,4,continuation,75,120,5,14,-0.07537952065467834,167,61.403358459472656,16.41073989868164,247.32763671875,219.84681701660156,263.816162109375,0.0027012048457862887,0.0032328742847293024,0.1658630520105362,5.842581272125244
126773974,Std-XY p=7,0,spsa,sequential,4,continuation,80,120,5,14,-0.07537952065467834,177,1.1159794330596924,0.2982580363750458,0.08714239299297333,0.07261865586042404,0.08714239299297333,0.0026118476341754925,0.003211869679750853,0.0029147681780159473,5.8897621631622314
126773974,Std-XY p=7,0,spsa,sequential,4,continuation,85,120,5,14,-0.07537952065467834,187,49.062068939208984,13.112390518188477,168.42588806152344,168.42588806152344,140.3549041748047,0.0025299475999084847,0.003192263210215197,0.12412445992231369,5.936950922012329
126773974,Std-XY p=7,0,spsa,sequential,4,continuation,90,120,5,14,-0.07537952065467834,197,28.43242645263672,7.598886013031006,56.564632415771484,56.564632415771484,47.1371955871582,0.0024545439162387737,0.0031738873682490526,0.06978863477706909,5.984121561050415
126773974,Std-XY p=7,0,spsa,sequential,4,continuation,95,120,5,14,-0.07537952065467834,207,121.30609893798828,32.4204216003418,1051.0833740234375,1029.6328125,1029.6329345703125,0.002384839059426984,0.003156602674903236,0.25,6.031294107437134
126773974,Std-XY p=7,0,spsa,sequential,4,continuation,100,120,5,14,-0.07537952065467834,217,20.12733268737793,5.379256248474121,28.345855712890625,28.345855712890625,23.621545791625977,0.0023201649436821537,0.0031402917940665897,0.04669873043894768,6.078470230102539
126773974,Std-XY p=7,0,spsa,sequential,4,continuation,105,120,5,14,-0.07537952065467834,227,45.23016357421875,12.08827018737793,143.1440887451172,143.1440887451172,143.1440887451172,0.002259957236804166,0.0031248551092334926,0.10221823304891586,6.12564754486084
126773974,Std-XY p=7,0,spsa,sequential,4,continuation,110,120,5,14,-0.07537952065467834,237,66.23472595214844,17.701976776123047,287.7795104980469,306.9648132324219,255.8040313720703,0.002203735623720675,0.003110207348428353,0.14596381783485413,6.172813415527344
126773974,Std-XY p=7,0,spsa,sequential,4,continuation,115,120,5,14,-0.07537952065467834,247,39.7175407409668,10.614959716796875,91.98152160644531,91.98152923583984,91.98152923583984,0.0021510884590087596,0.0030962749733632706,0.08543594926595688,6.21998405456543
126773974,Std-XY p=7,0,spsa,sequential,4,continuation,120,120,5,14,-0.07537952065467834,257,25.63658905029297,6.851667404174805,38.322723388671875,38.32272720336914,38.32272720336914,0.0021016607020181654,0.003082994134626136,0.05387941375374794,6.267131328582764
