depth,table_seed,table_id,restart_index,restart_seed,p0_derived_anchor,ground_energy,ground_degeneracy,ground_space_success_probability,feasible_mass,conditional_ground_probability_given_feasible,expected_raw_objective,expected_integer_penalty,expected_H_over_377,RTS99,RU,RTS99_x_RU,amplification_over_full_uniform_ground_probability,feasible_mass_amplification_over_full_uniform,conditional_ground_amplification_over_uniform_feasible
0,2026081804,pcg64_2026081804,0,2026081100,True,333,1,3.814697265625e-06,4.57763671875e-05,0.08333333333333333,4535.0,18.5,30.52917771883289,1207216,2622,3165320352,1.0,1.0,1.0
0,2026081804,pcg64_2026081804,1,2026081101,True,333,1,3.814697265625e-06,4.57763671875e-05,0.08333333333333333,4535.0,18.5,30.52917771883289,1207216,2622,3165320352,1.0,1.0,1.0
0,2026081804,pcg64_2026081804,2,2026081102,True,333,1,3.814697265625e-06,4.57763671875e-05,0.08333333333333333,4535.0,18.5,30.52917771883289,1207216,2622,3165320352,1.0,1.0,1.0
0,2026081804,pcg64_2026081804,3,2026081103,True,333,1,3.814697265625e-06,4.57763671875e-05,0.08333333333333333,4535.0,18.5,30.52917771883289,1207216,2622,3165320352,1.0,1.0,1.0
1,2026081804,pcg64_2026081804,0,2026081100,False,333,1,6.488362032541772e-06,5.182931636227295e-05,0.12518710428649824,4499.54345703125,18.487796783447266,30.422925316686655,709757,5307,3766680399,1.7008851766586304,1.13222869237264,1.502245251437979
1,2026081804,pcg64_2026081804,1,2026081101,False,333,1,1.3433876802082523e-06,7.838903547963127e-05,0.017137443674215384,4491.99658203125,18.384265899658203,30.299376196823324,3428026,5307,18192533982,0.3521610200405121,1.7124346097310383,0.20564932409058462
1,2026081804,pcg64_2026081804,2,2026081102,False,333,1,2.0827083062613383e-06,4.9939946620725095e-05,0.041704255754991405,4518.7060546875,18.470945358276367,30.456903063017748,2211143,5307,11734535901,0.5459694862365723,1.0909547805786133,0.5004510690598969
1,2026081804,pcg64_2026081804,3,2026081103,False,333,1,4.346958348833141e-07,3.0303752282634377e-05,0.014344620785869391,4475.0869140625,18.3692684173584,30.239525483837177,10594004,5307,56222379228,0.11395290493965149,0.6619955698649088,0.1721354494304327
2,2026081804,pcg64_2026081804,0,2026081100,False,333,1,8.385054002246761e-07,2.2732283468940295e-05,0.03688610523313013,1310.3306884765625,13.43517017364502,16.910848392415744,5492116,7992,43892991072,0.2198091596364975,0.49659430980682373,0.44263326279756154
2,2026081804,pcg64_2026081804,1,2026081101,False,333,1,1.215339828775086e-08,6.208368722582236e-05,0.00019575831962982893,4467.99365234375,18.370779037475586,30.22222108613275,378920369,7992,3028331589048,0.0031859404407441616,1.356238842010498,0.0023490998355579474
2,2026081804,pcg64_2026081804,2,2026081102,False,333,1,8.319948392454535e-06,8.051790064200759e-05,0.10333041877788196,4502.32373046875,18.469980239868164,30.412483503711,553508,7992,4423635936,2.1810245513916016,1.7589403788248699,1.2399650253345835
2,2026081804,pcg64_2026081804,3,2026081103,False,333,1,1.2042078196827788e-05,7.251803617691621e-05,0.16605631966438988,4497.63134765625,18.386873245239258,30.31692987032215,382421,7992,3056308632,3.1567585468292236,1.5841806729634602,1.9926758359726786
4,2026081804,pcg64_2026081804,0,2026081100,False,333,1,0.0007753649260848761,0.006513224449008703,0.11904471159486676,429.6331787109375,5.177759170532227,6.31736972414214,5938,13362,79343556,203.25726318359375,142.28355916341147,1.4285365391384013
4,2026081804,pcg64_2026081804,1,2026081101,False,333,1,9.382935672874737e-07,5.130595309310593e-05,0.018288200700311206,4460.03125,18.32003402709961,30.150355645136745,4908025,13362,65581030050,0.2459680289030075,1.1207956473032634,0.21945840840373448
4,2026081804,pcg64_2026081804,2,2026081102,False,333,1,3.4862023312598467e-06,3.0754603358218446e-05,0.11335546391718432,4505.97314453125,18.474027633666992,30.42621104091169,1320969,13362,17650787778,0.9138870239257812,0.6718445618947347,1.3602655670062118
4,2026081804,pcg64_2026081804,3,2026081103,False,333,1,5.396579467742413e-07,6.550631951540709e-05,0.008238257785911996,4483.03125,18.42525291442871,30.316582490025528,8533497,13362,114024586914,0.1414680927991867,1.4310073852539062,0.09885909343094396
8,2026081804,pcg64_2026081804,0,2026081100,False,333,1,5.782652579000569e-07,6.175425369292498e-05,0.009363974517051078,4250.98583984375,17.968399047851562,29.244223556720925,7963766,24102,191942688132,0.15158876776695251,1.349042256673177,0.11236769420461294
8,2026081804,pcg64_2026081804,1,2026081101,False,333,1,1.0613720178298536e-06,3.464010660536587e-05,0.030639975503581256,4452.736328125,18.392879486083984,30.20385117872324,4338882,24102,104575733964,0.27823230624198914,0.7567246754964193,0.3676797060429751
8,2026081804,pcg64_2026081804,2,2026081102,False,333,1,1.4707956324855331e-05,6.023947207722813e-05,0.24415812120663102,4457.17626953125,18.363040924072266,30.18578964961935,313106,24102,7546480812,3.855602502822876,1.3159513473510742,2.9298974544795726
8,2026081804,pcg64_2026081804,3,2026081103,False,333,1,4.515447926678462e-06,4.551913298200816e-05,0.09919890012982525,4472.39599609375,18.40998649597168,30.2731058490055,1019868,24102,24580858536,1.1836975812911987,0.9943806330362955,1.190386801557903
16,2026081804,pcg64_2026081804,0,2026081100,False,333,1,8.662593700137222e-07,2.9670551157323644e-05,0.029195931191857944,4419.2119140625,18.316455841064453,30.038503358471615,5316154,45582,242320931628,0.2270846962928772,0.6481630802154541,0.35035117430229534
16,2026081804,pcg64_2026081804,1,2026081101,False,333,1,9.577951232131454e-07,4.267735130270012e-05,0.022442703072637675,4412.8603515625,18.309001922607422,30.014201794125988,4808093,45582,219162495126,0.2510802447795868,0.9323009649912516,0.2693124368716521
16,2026081804,pcg64_2026081804,2,2026081102,False,333,1,2.1561224912147736e-06,3.8593912904616445e-05,0.05586690565798699,4415.482421875,18.31503677368164,30.027191738867316,2135856,45582,97356588192,0.5652145743370056,0.8430968920389811,0.6704028678958439
16,2026081804,pcg64_2026081804,3,2026081103,False,333,1,7.2127190833271015e-06,4.8481007979717106e-05,0.14877411555355183,4430.3525390625,18.336223602294922,30.087821849145055,638477,45582,29103058614,1.8907710313796997,1.0590837796529133,1.785289386642622
32,2026081804,pcg64_2026081804,0,2026081100,False,333,1,1.0581014748822781e-06,5.9353227698011324e-05,0.0178271934976458,4365.53173828125,18.192405700683594,29.772065483922983,4352294,88542,385360815348,0.2773749530315399,1.29659104347229,0.21392632197174963
32,2026081804,pcg64_2026081804,1,2026081101,False,333,1,2.0066258912265766e-06,3.950731115764938e-05,0.050791254388823544,4366.271484375,18.21138572692871,29.793007701398206,2294980,88542,203202119160,0.5260249376296997,0.86305038134257,0.6094950526658826
32,2026081804,pcg64_2026081804,2,2026081102,False,333,1,6.435822342609754e-06,5.923739809077233e-05,0.10864458180198651,4359.73828125,18.197669982910156,29.761962506119705,715551,88542,63356316642,1.6871122121810913,1.2940607070922852,1.3037349816238382
32,2026081804,pcg64_2026081804,3,2026081103,False,333,1,2.2947030942077618e-08,1.4394180652743671e-05,0.0015941880608330208,4366.873046875,18.19737434387207,29.78059197484024,200686971,88542,17769225786282,0.006015426479279995,0.3144456744194031,0.01913025672999625
64,2026081804,pcg64_2026081804,0,2026081100,False,333,1,2.388460643487633e-06,3.120562541880645e-05,0.07653942555011888,4301.65234375,18.109127044677734,29.51934546311275,1928089,174462,336378263118,0.6261206269264221,0.6816972891489664,0.9184731066014266
64,2026081804,pcg64_2026081804,1,2026081101,False,333,1,8.29392683954211e-06,7.215775258373469e-05,0.1149415903705913,4309.47705078125,18.083471298217773,29.51444490771711,555244,174462,96868978728,2.1742031574249268,1.576310157775879,1.3792990844470958
64,2026081804,pcg64_2026081804,2,2026081102,False,333,1,2.072701363431406e-06,4.799668022315018e-05,0.04318426511572946,4297.482421875,18.069772720336914,29.468930338042483,2221819,174462,387622986378,0.5433462262153625,1.0485034783681233,0.5182111813887536
64,2026081804,pcg64_2026081804,3,2026081103,False,333,1,3.823989572993014e-06,3.2517898944206536e-05,0.11759645294285856,4294.0283203125,18.089750289916992,29.479745834512485,1204282,174462,210101446284,1.0024359226226807,0.7103643417358398,1.4111574353143028
0,2026081805,pcg64_2026081805,0,2026081100,True,327,1,3.814697265625e-06,4.57763671875e-05,0.08333333333333333,4504.0,18.5,30.446949602122018,1207216,2622,3165320352,1.0,1.0,1.0
0,2026081805,pcg64_2026081805,1,2026081101,True,327,1,3.814697265625e-06,4.57763671875e-05,0.08333333333333333,4504.0,18.5,30.446949602122018,1207216,2622,3165320352,1.0,1.0,1.0
0,2026081805,pcg64_2026081805,2,2026081102,True,327,1,3.814697265625e-06,4.57763671875e-05,0.08333333333333333,4504.0,18.5,30.446949602122018,1207216,2622,3165320352,1.0,1.0,1.0
0,2026081805,pcg64_2026081805,3,2026081103,True,327,1,3.814697265625e-06,4.57763671875e-05,0.08333333333333333,4504.0,18.5,30.446949602122018,1207216,2622,3165320352,1.0,1.0,1.0
1,2026081805,pcg64_2026081805,0,2026081100,False,327,1,1.1031104804715142e-05,4.902196451439522e-05,0.22502371975476168,4468.609375,18.48892593383789,30.34200119908988,417470,5307,2215513290,2.891737937927246,1.0709011554718018,2.7002846370571403
1,2026081805,pcg64_2026081805,1,2026081101,False,327,1,7.677253051951993e-06,7.86025557317771e-05,0.09767179935153517,4461.07421875,18.384313583374023,30.21740169676925,599844,5307,3183372108,2.0125458240509033,1.7170990308125813,1.172061592218422
1,2026081805,pcg64_2026081805,2,2026081102,False,327,1,9.029362786350248e-07,5.118150875205174e-05,0.017641845671437506,4487.46875,18.470561981201172,30.373662113827166,5100214,5307,27066835698,0.23669932782649994,1.1180771191914876,0.21170214805725007
1,2026081805,pcg64_2026081805,3,2026081103,False,327,1,8.156881108334346e-07,3.36109587806277e-05,0.024268516591784094,4439.91015625,18.36829376220703,30.14524377878528,5645747,5307,29961979329,0.21382774412631989,0.7342425982157389,0.2912221991014092
2,2026081805,pcg64_2026081805,0,2026081100,False,327,1,2.848106305464171e-06,2.2403708499041386e-05,0.12712655610503218,1301.10546875,13.434263229370117,16.885471369290542,1616922,7992,12922440624,0.7466139793395996,0.4894164800643921,1.5255186732603863
2,2026081805,pcg64_2026081805,1,2026081101,False,327,1,2.1383705188782187e-06,6.208231934579089e-05,0.03444411454681256,4434.2119140625,18.367549896240234,30.129385212055887,2153587,7992,17211467304,0.5605610013008118,1.3562089602152507,0.41332937456175073
2,2026081805,pcg64_2026081805,2,2026081102,False,327,1,1.906913666971377e-07,8.031250035855919e-05,0.002374367201192673,4470.82763671875,18.46955680847168,30.32851605706253,24149860,7992,193005681120,0.04998859763145447,1.7544533411661785,0.028492406414312076
2,2026081805,pcg64_2026081805,3,2026081103,False,327,1,4.916396846965654e-06,6.82578538544476e-05,0.07202683016447209,4467.09716796875,18.385826110839844,30.23489021685775,936694,7992,7486058448,1.2888039350509644,1.4911155700683594,0.8643219619736651
4,2026081805,pcg64_2026081805,0,2026081100,False,327,1,0.001091144746169448,0.006521737203001976,0.16730891052574007,414.500244140625,5.177664756774902,6.277134900383987,4219,13362,56374278,286.03704833984375,142.46952311197916,2.007706926308881
4,2026081805,pcg64_2026081805,1,2026081101,False,327,1,5.1534370868466794e-05,0.0004199287504889071,0.12272170173741923,613.3981323242188,8.634075164794922,10.261125913665529,89359,13362,1194014958,13.50942611694336,9.173483530680338,1.4726604208490308
4,2026081805,pcg64_2026081805,2,2026081102,False,327,1,1.2272394656065444e-07,5.1974850066471845e-05,0.0023612179044999637,4456.474609375,18.431026458740234,30.251914016764108,37524624,13362,501404025888,0.0321713462471962,1.1354079246520996,0.028334614853999567
4,2026081805,pcg64_2026081805,3,2026081103,False,327,1,3.7324944059946574e-06,5.678228990291245e-05,0.06573342519959224,4453.49951171875,18.4272403717041,30.24023642400848,1233803,13362,16486075686,0.9784510135650635,1.24042805035909,0.7888011023951069
8,2026081805,pcg64_2026081805,0,2026081100,False,327,1,5.267540927889058e-07,2.240049980173353e-05,0.023515283027218052,4434.50390625,18.398149490356445,30.160759321258304,8742541,24102,210712723182,0.13808542490005493,0.48934638500213623,0.28218339632661665
8,2026081805,pcg64_2026081805,1,2026081101,False,327,1,1.240524284185085e-06,3.308272789581679e-05,0.0374976419142856,4414.7021484375,18.38290023803711,30.092985512407136,3712276,24102,89473276152,0.3251959979534149,0.722703218460083,0.4499717029714272
8,2026081805,pcg64_2026081805,2,2026081102,False,327,1,1.2035713552904781e-05,7.809765520505607e-05,0.1541110744145054,4429.4697265625,18.391315460205078,30.140572029336376,382624,24102,9222003648,3.155090093612671,1.7060693105061848,1.8493328929740647
8,2026081805,pcg64_2026081805,3,2026081103,False,327,1,8.757156706451497e-07,5.377524212235585e-05,0.016284736917643566,4433.58544921875,18.41587257385254,30.17604617920731,5258749,24102,126746368398,0.2295636087656021,1.174738089243571,0.1954168430117228
16,2026081805,pcg64_2026081805,0,2026081100,False,327,1,8.346465847353102e-07,2.181938907597214e-05,0.038252518520531645,4369.7890625,18.298608779907227,29.889561200331627,5517507,45582,251499004074,0.21879759430885315,0.4766518274943034,0.45903022224637974
16,2026081805,pcg64_2026081805,1,2026081101,False,327,1,1.6644287370581878e-06,1.723842797218822e-05,0.09655339452898545,4383.3046875,18.299579620361328,29.926382504976715,2766815,45582,126116961330,0.4363200068473816,0.37657920519510907,1.1586407343478256
16,2026081805,pcg64_2026081805,2,2026081102,False,327,1,6.859606287434872e-07,5.52428828086704e-05,0.012417176545968113,4391.986328125,18.304035186767578,29.953866295852457,6713460,45582,306012933720,0.1798204630613327,1.2067991892496746,0.14900611855161736
16,2026081805,pcg64_2026081805,3,2026081103,False,327,1,2.3969633389242517e-07,3.331945481477305e-05,0.007193885230863667,4398.3603515625,18.297327041625977,29.964065374683006,19212516,45582,875744904312,0.0628349557518959,0.7278745969136556,0.08632662277036401
32,2026081805,pcg64_2026081805,0,2026081100,False,327,1,2.8111815026932163e-06,5.3136198403080925e-05,0.05290520562589249,4332.5537109375,18.185951232910156,29.6781361425587,1638160,88542,145045962720,0.7369343638420105,1.1607779661814372,0.6348624675107098
32,2026081805,pcg64_2026081805,1,2026081101,False,327,1,1.3828960163664306e-06,5.56781524210237e-05,0.02483731870104688,4329.0869140625,18.194164276123047,29.677153438092542,3330090,88542,294852828780,0.3625178933143616,1.216307799021403,0.2980478244125626
32,2026081805,pcg64_2026081805,2,2026081102,False,327,1,5.352647349354811e-06,3.917236244888045e-05,0.13664346530899082,4334.7705078125,18.210750579833984,29.708815587294197,860352,88542,76177286784,1.4031643867492676,0.855733315149943,1.63972158370789
32,2026081805,pcg64_2026081805,3,2026081103,False,327,1,4.71584644401446e-06,5.827455606777221e-05,0.08092462237773239,4329.19921875,18.213146209716797,29.696433262104065,976529,88542,86463830718,1.2362308502197266,1.2730271021525066,0.9710954685327887
64,2026081805,pcg64_2026081805,0,2026081100,False,327,1,3.6183566862746375e-06,3.097402077401057e-05,0.11681908243926468,4265.0185546875,18.069494247436523,29.382540811594346,1272722,174462,222041625564,0.9485304951667786,0.6766378084818522,1.4018289892711764
64,2026081805,pcg64_2026081805,1,2026081101,False,327,1,6.485595349658979e-06,4.768497819895856e-05,0.13600919188006727,4263.5087890625,18.083984375,29.39302625580239,710059,174462,123878313258,1.7001599073410034,1.0416942437489827,1.6321103025608072
64,2026081805,pcg64_2026081805,2,2026081102,False,327,1,4.68900680061779e-06,2.4945846234913915e-05,0.18796743780353745,4260.525390625,18.080368041992188,29.38149639908768,982119,174462,171342444978,1.22919499874115,0.5449503262837728,2.2556092536424495
64,2026081805,pcg64_2026081805,3,2026081103,False,327,1,2.995000158989569e-06,2.83393710560631e-05,0.10568336725132792,4264.8076171875,18.053491592407227,29.36597864064993,1537618,174462,268255911516,0.7851213216781616,0.6190830071767172,1.2682004070159352
0,2026081806,pcg64_2026081806,0,2026081100,True,329,1,3.814697265625e-06,4.57763671875e-05,0.08333333333333333,4539.5,18.5,30.54111405835544,1207216,2622,3165320352,1.0,1.0,1.0
0,2026081806,pcg64_2026081806,1,2026081101,True,329,1,3.814697265625e-06,4.57763671875e-05,0.08333333333333333,4539.5,18.5,30.54111405835544,1207216,2622,3165320352,1.0,1.0,1.0
0,2026081806,pcg64_2026081806,2,2026081102,True,329,1,3.814697265625e-06,4.57763671875e-05,0.08333333333333333,4539.5,18.5,30.54111405835544,1207216,2622,3165320352,1.0,1.0,1.0
0,2026081806,pcg64_2026081806,3,2026081103,True,329,1,3.814697265625e-06,4.57763671875e-05,0.08333333333333333,4539.5,18.5,30.54111405835544,1207216,2622,3165320352,1.0,1.0,1.0
1,2026081806,pcg64_2026081806,0,2026081100,False,329,1,5.97869484408875e-06,4.682311191572808e-05,0.12768683240979722,4505.24462890625,18.48920249938965,30.439453504446014,770262,5307,4087780434,1.5672789812088013,1.0228664875030518,1.5322419889175667
1,2026081806,pcg64_2026081806,1,2026081101,False,329,1,1.5938345541144372e-06,8.19417618913576e-05,0.01945082113596265,4496.3837890625,18.384868621826172,30.311616072920337,2889363,5307,15333849441,0.417814165353775,1.7900451024373372,0.2334098536315518
1,2026081806,pcg64_2026081806,2,2026081102,False,329,1,2.3949182832438964e-06,5.329552368493751e-05,0.04493657473752816,4522.81640625,18.470149993896484,30.467010487928313,1922891,5307,10204782537,0.627813458442688,1.1642584800720215,0.5392388968503379
1,2026081806,pcg64_2026081806,3,2026081103,False,329,1,4.449417190244276e-07,3.636601468315348e-05,0.012235097051493695,4476.09619140625,18.368927001953125,30.241861196664665,10350051,5307,54927720657,0.11663880199193954,0.7944277127583822,0.14682116461792435
2,2026081806,pcg64_2026081806,0,2026081100,False,329,1,8.092368943835027e-07,2.279475302202627e-05,0.03550101611548709,1312.2174072265625,13.43441390991211,16.9150966877014,5690755,7992,45480513960,0.21213659644126892,0.4979589780171712,0.42601219338584506
2,2026081806,pcg64_2026081806,1,2026081101,False,329,1,2.3692676265341106e-08,5.7093948271358386e-05,0.0004149770156503035,4471.53515625,18.367847442626953,30.228683400849764,194371041,7992,1553413359672,0.006210892926901579,1.2472363313039143,0.004979724187803642
2,2026081806,pcg64_2026081806,2,2026081102,False,329,1,8.040129614528269e-06,7.84438379923813e-05,0.10249536254599309,4507.0283203125,18.469764709472656,30.424746991468677,572771,7992,4577585832,2.1076717376708984,1.7136317888895671,1.2299443505519172
2,2026081806,pcg64_2026081806,3,2026081103,False,329,1,1.0765958904812578e-05,6.6461056121625e-05,0.16198898321914518,4504.0576171875,18.38796043395996,30.33506286681805,427751,7992,3418585992,2.8222315311431885,1.4518639246622722,1.9438677986297421
4,2026081806,pcg64_2026081806,0,2026081100,False,329,1,0.0007790952804498374,0.006610971875488758,0.1178488269385109,433.00091552734375,5.174038887023926,6.322582429536774,5909,13362,78956058,204.2351531982422,144.41888427734375,1.4141859232621308
4,2026081806,pcg64_2026081806,1,2026081101,False,329,1,4.189870708160015e-07,2.429783489787951e-05,0.017243802691760277,4496.05126953125,18.460573196411133,30.386438632833546,10991197,13362,146864374314,0.1098349466919899,0.5307943026224772,0.20692563230112332
4,2026081806,pcg64_2026081806,2,2026081102,False,329,1,6.334503268590197e-06,6.525564094772562e-05,0.09707211785207322,4502.27880859375,18.440105438232422,30.38248954590815,726996,13362,9714120552,1.6605520248413086,1.425531228383382,1.1648654142248787
4,2026081806,pcg64_2026081806,3,2026081103,False,329,1,4.557549573291908e-07,5.5481548770330846e-05,0.008214531991812548,4486.296875,18.42122459411621,30.321216304991545,10104486,13362,135016141932,0.1194734275341034,1.2120129267374675,0.09857438390175058
8,2026081806,pcg64_2026081806,0,2026081100,False,329,1,0.001239839126355946,0.008845665492117405,0.14016346508476923,326.556396484375,4.6790056228637695,5.54520296101861,3713,24102,89490726,325.0163879394531,193.23651123046875,1.6819615810172308
8,2026081806,pcg64_2026081806,1,2026081101,False,329,1,1.2403266964611248e-06,2.6268837245879695e-05,0.04721665770172876,4449.6982421875,18.381032943725586,30.18394605297625,3712867,24102,89487520434,0.3251442015171051,0.5738515059153239,0.5665998924207452
8,2026081806,pcg64_2026081806,2,2026081102,False,329,1,4.072998081028345e-07,6.839490379206836e-05,0.005955119248958843,4461.8076171875,18.36841583251953,30.20344929986038,11306584,24102,272511287568,0.10677120089530945,1.4941094716389973,0.07146143098750612
8,2026081806,pcg64_2026081806,3,2026081103,False,329,1,6.446294719353318e-06,6.402793223969638e-05,0.100679414340929,4468.9375,18.37918472290039,30.233130346242568,714388,24102,17218179576,1.6898574829101562,1.3987115224202473,1.2081529720911481
16,2026081806,pcg64_2026081806,0,2026081100,False,329,1,3.2854507026058855e-06,9.07063513295725e-05,0.03622073487079783,4424.2294921875,18.316650390625,30.052007133827917,1401684,45582,63891560088,0.8612611889839172,1.9815104802449544,0.4346488184495739
16,2026081806,pcg64_2026081806,1,2026081101,False,329,1,9.316457862951211e-07,3.521531471051276e-05,0.026455699571442386,4429.068359375,18.32224464416504,30.07043657884674,4943047,45582,225313968354,0.24422535300254822,0.7692902882893881,0.31746839485730866
16,2026081806,pcg64_2026081806,2,2026081102,False,329,1,1.0767882486106828e-05,4.796766734216362e-05,0.22448209560196497,4404.18603515625,18.288063049316406,29.97025412400142,427675,45582,19494281850,2.8227357864379883,1.0478696823120117,2.6937851472235796
16,2026081806,pcg64_2026081806,3,2026081103,False,329,1,2.0482175386860035e-06,4.625286237569526e-05,0.04428304397788561,4420.9775390625,18.303224563598633,30.02995543644346,2248378,45582,102485565996,0.5369279384613037,1.0104091962178547,0.5313965277346273
32,2026081806,pcg64_2026081806,0,2026081100,False,329,1,2.1366545297496486e-06,3.5905566619476303e-05,0.05950761207569025,4364.98974609375,18.183528900146484,29.761751038326192,2155316,88542,190835989272,0.5601111650466919,0.7843690713246664,0.714091344908283
32,2026081806,pcg64_2026081806,1,2026081101,False,329,1,5.071487521490781e-06,6.896408012835309e-05,0.0735381014587875,4364.4765625,18.219013214111328,29.795874122599393,908049,88542,80400474558,1.3294600248336792,1.5065433184305828,0.88245721750545
32,2026081806,pcg64_2026081806,2,2026081102,False,329,1,3.7906197576376144e-06,6.122627382865176e-05,0.061911651985323606,4366.86767578125,18.190387725830078,29.773591109865222,1214884,88542,107568259128,0.9936882257461548,1.3375083605448406,0.7429398238238833
32,2026081806,pcg64_2026081806,3,2026081103,False,329,1,2.9737777822447242e-06,2.9554525099229068e-05,0.10062004962895836,4378.4775390625,18.214805603027344,29.828804380381456,1548591,88542,137115344322,0.779558002948761,0.6456284523010254,1.2074405955475005
64,2026081806,pcg64_2026081806,0,2026081100,False,329,1,1.7372515515035047e-07,2.5731649657245725e-05,0.0067514192624424894,4302.39453125,18.078813552856445,29.491000638400212,26508365,174462,4624702374630,0.045541007071733475,0.5621164639790853,0.08101703114930987
64,2026081806,pcg64_2026081806,1,2026081101,False,329,1,4.308143616071902e-06,5.380393849918619e-05,0.08007115717257511,4311.0576171875,18.082799911499023,29.51796600483457,1068944,174462,186490108128,1.1293540000915527,1.1753649711608887,0.9608538860709014
64,2026081806,pcg64_2026081806,2,2026081102,False,329,1,3.5928744068769447e-07,2.8399244911270216e-05,0.012651302589566794,4294.9794921875,18.076488494873047,29.469007041789492,12817508,174462,2236168080696,0.09418504685163498,0.6203909715016683,0.15181563107480153
64,2026081806,pcg64_2026081806,3,2026081103,False,329,1,4.471987722354243e-06,3.731236938619986e-05,0.11985268681458289,4319.55517578125,18.08696937561035,29.54467541216539,1029780,174462,179657478360,1.1723047494888306,0.815101146697998,1.4382322417749946
0,2026081807,pcg64_2026081807,0,2026081100,True,299,1,3.814697265625e-06,4.57763671875e-05,0.08333333333333333,4500.5,18.5,30.43766578249337,1207216,2622,3165320352,1.0,1.0,1.0
0,2026081807,pcg64_2026081807,1,2026081101,True,299,1,3.814697265625e-06,4.57763671875e-05,0.08333333333333333,4500.5,18.5,30.43766578249337,1207216,2622,3165320352,1.0,1.0,1.0
0,2026081807,pcg64_2026081807,2,2026081102,True,299,1,3.814697265625e-06,4.57763671875e-05,0.08333333333333333,4500.5,18.5,30.43766578249337,1207216,2622,3165320352,1.0,1.0,1.0
0,2026081807,pcg64_2026081807,3,2026081103,True,299,1,3.814697265625e-06,4.57763671875e-05,0.08333333333333333,4500.5,18.5,30.43766578249337,1207216,2622,3165320352,1.0,1.0,1.0
1,2026081807,pcg64_2026081807,0,2026081100,False,299,1,1.0582200047792867e-05,4.9057372962124646e-05,0.21571069563718762,4467.50439453125,18.489328384399414,30.339472666975674,435179,5307,2309494953,2.7740602493286133,1.0716746648152669,2.5885283476462515
1,2026081807,pcg64_2026081807,1,2026081101,False,299,1,8.035789505811408e-06,8.050375618040562e-05,0.09981881451349342,4457.62548828125,18.384593963623047,30.20853425084122,573081,5307,3041340867,2.106534004211426,1.7586313883463542,1.1978257741619212
1,2026081807,pcg64_2026081807,2,2026081102,False,299,1,1.019681803882122e-06,5.3869287512497976e-05,0.018928815489634054,4483.8544921875,18.470151901245117,30.363665143121775,4516280,5307,23967897960,0.267303466796875,1.1767925421396892,0.22714578587560866
1,2026081807,pcg64_2026081807,3,2026081103,False,299,1,1.2293486406633747e-06,3.7123303627595305e-05,0.03311528125286642,4431.4130859375,18.37207794189453,30.126489310429015,3746023,5307,19880144061,0.3222663700580597,0.8109709421793619,0.397383375034397
2,2026081807,pcg64_2026081807,0,2026081100,False,299,1,2.891750000344473e-06,2.2534188246936537e-05,0.1283272318778822,1299.683349609375,13.433714866638184,16.881150807246605,1592518,7992,12727403856,0.7580549120903015,0.49226685365041095,1.5399267825345864
2,2026081807,pcg64_2026081807,1,2026081101,False,299,1,2.134113856300246e-06,5.6883662182372063e-05,0.03751716704628058,4429.25244140625,18.3646240234375,30.1133042393692,2157882,7992,17245792944,0.5594451427459717,1.2426425615946453,0.45020600455536697
2,2026081807,pcg64_2026081807,2,2026081102,False,299,1,2.1750703638190316e-07,8.211169915739447e-05,0.0026489165199830825,4467.58251953125,18.468852996826172,30.319204507519142,21172509,7992,169210691928,0.05701816454529762,1.793757438659668,0.03178699823979699
2,2026081807,pcg64_2026081807,3,2026081103,False,299,1,3.980944711656775e-06,6.52229500701651e-05,0.06103594988227582,4464.54248046875,18.38733673095703,30.229624477558488,1156802,7992,9245161584,1.0435807704925537,1.4248170852661133,0.7324313985873099
4,2026081807,pcg64_2026081807,0,2026081100,False,299,1,0.001112907542847097,0.006612652912735939,0.16829970626518778,412.88330078125,5.173920154571533,6.269101323752568,4136,13362,55265232,291.7420349121094,144.45560709635416,2.0195964751822535
4,2026081807,pcg64_2026081807,1,2026081101,False,299,1,5.191524905967526e-05,0.0004208699392620474,0.12335223834399617,612.0919189453125,8.633194923400879,10.25678091529826,88704,13362,1185262848,13.609271049499512,9.19404411315918,1.480226860127954
4,2026081807,pcg64_2026081807,2,2026081102,False,299,1,1.0276303328282665e-06,3.989045217167586e-05,0.02576131071178816,4456.3115234375,18.455087661743164,30.275542631073403,4481347,13362,59879758614,0.2693871259689331,0.8714202245076498,0.30913572854145793
4,2026081807,pcg64_2026081807,3,2026081103,False,299,1,3.623922339102137e-06,5.9599566156975925e-05,0.06080450870325621,4450.57568359375,18.42829704284668,30.23353758288315,1270768,13362,16980002016,0.9499894976615906,1.3019723892211914,0.7296541044390745
8,2026081807,pcg64_2026081807,0,2026081100,False,299,1,3.7532055330302683e-07,6.36958284303546e-05,0.005892388285889155,3534.19970703125,16.252483367919922,25.62701839983305,12269964,24102,295730672328,0.09838803112506866,1.3914566040039062,0.07070865943066987
8,2026081807,pcg64_2026081807,1,2026081101,False,299,1,9.750785920914495e-07,6.287562428042293e-05,0.015508054245992622,4435.3681640625,18.400421142578125,30.165323434521095,4722869,24102,113830588638,0.25561100244522095,1.3735389709472656,0.18609665095191147
8,2026081807,pcg64_2026081807,2,2026081102,False,299,1,5.793580385216046e-06,5.346020043361932e-05,0.10837184182296217,4421.4775390625,18.37093734741211,30.098994480203885,794873,24102,19158029046,1.5187523365020752,1.1678558985392253,1.300462101875546
8,2026081807,pcg64_2026081807,3,2026081103,False,299,1,3.403796142720239e-07,8.065911970334128e-05,0.004219976805151319,4421.0615234375,18.37297821044922,30.09993185351951,13529511,24102,326088274122,0.08922847360372543,1.7620253562927246,0.05063972166181583
16,2026081807,pcg64_2026081807,0,2026081100,False,299,1,4.034731773572275e-06,2.8420065063983202e-05,0.14196771768427435,4391.884765625,18.330467224121094,29.98002893665425,1141380,45582,52026383160,1.0576807260513306,0.6208457946777344,1.7036126122112922
16,2026081807,pcg64_2026081807,1,2026081101,False,299,1,1.8944409703181009e-06,3.7055506254546344e-05,0.05112441204566384,4395.14013671875,18.29505729675293,29.95325394587428,2430884,45582,110804554488,0.49661633372306824,0.809489885965983,0.6134929445479661
16,2026081807,pcg64_2026081807,2,2026081102,False,299,1,1.0269419590258622e-06,3.209421629435383e-05,0.03199772661862838,4386.44140625,18.310718536376953,29.94584162987828,4484351,45582,204405687282,0.2692066729068756,0.7011088530222574,0.3839727194235406
16,2026081807,pcg64_2026081807,3,2026081103,False,299,1,3.5086045500065666e-06,4.2116887925658375e-05,0.08330635815731914,4383.630859375,18.328964233398438,29.95663229540109,1312534,45582,59827924788,0.9197596311569214,0.920057455698649,0.9996762978878297
32,2026081807,pcg64_2026081807,0,2026081100,False,299,1,1.6498181139468215e-05,9.172544378088787e-05,0.17986482767942535,4325.560546875,18.214567184448242,29.6882025872997,279130,88542,24714728460,4.324899196624756,2.0037728945414224,2.1583779321531043
32,2026081807,pcg64_2026081807,1,2026081101,False,299,1,7.265769852438098e-08,2.6887882995652035e-05,0.002702246901927171,4332.12060546875,18.202388763427734,29.69342485220426,63381722,88542,5611944429324,0.019046779721975327,0.587374766667684,0.03242696282312606
32,2026081807,pcg64_2026081807,2,2026081102,False,299,1,6.868458513054065e-07,4.751887172460556e-05,0.014454170025037728,4324.451171875,18.183395385742188,29.654088149336353,6704807,88542,593657021394,0.1800525188446045,1.0380655924479167,0.17345004030045275
32,2026081807,pcg64_2026081807,3,2026081103,False,299,1,1.4501017631118884e-07,3.899752482539043e-05,0.0037184456439341997,4332.2841796875,18.202808380126953,29.69427835277284,31757564,88542,2811878231688,0.03801354765892029,0.8519139289855957,0.0446213477272104
64,2026081807,pcg64_2026081807,0,2026081100,False,299,1,9.210297662320954e-07,2.696534647839144e-05,0.03415605161870101,4269.6875,18.100126266479492,29.42555730096225,5000021,174462,872313663702,0.24144242703914642,0.5890669822692871,0.4098726194244121
64,2026081807,pcg64_2026081807,1,2026081101,False,299,1,1.3471309330270742e-06,3.1253377528628334e-05,0.043103531187728174,4266.7109375,18.08975601196289,29.407291655198964,3418500,174462,596398347000,0.35314229130744934,0.6827404499053955,0.5172423742527381
64,2026081807,pcg64_2026081807,2,2026081102,False,299,1,6.955333901714766e-06,6.903567555127665e-05,0.10074984920729357,4257.275390625,18.068748474121094,29.361256141561412,662104,174462,115511988048,1.8232990503311157,1.508107344309489,1.2089981904875229
64,2026081807,pcg64_2026081807,3,2026081103,False,299,1,2.265326770611864e-07,3.399717388674617e-05,0.006663279654239154,4274.02734375,18.09800148010254,29.434944036468586,20328943,174462,3546628053666,0.05938418209552765,0.7426795959472656,0.07995935585086986
0,2026081808,pcg64_2026081808,0,2026081100,True,300,1,3.814697265625e-06,4.57763671875e-05,0.08333333333333333,4517.5,18.5,30.482758620689655,1207216,2622,3165320352,1.0,1.0,1.0
0,2026081808,pcg64_2026081808,1,2026081101,True,300,1,3.814697265625e-06,4.57763671875e-05,0.08333333333333333,4517.5,18.5,30.482758620689655,1207216,2622,3165320352,1.0,1.0,1.0
0,2026081808,pcg64_2026081808,2,2026081102,True,300,1,3.814697265625e-06,4.57763671875e-05,0.08333333333333333,4517.5,18.5,30.482758620689655,1207216,2622,3165320352,1.0,1.0,1.0
0,2026081808,pcg64_2026081808,3,2026081103,True,300,1,3.814697265625e-06,4.57763671875e-05,0.08333333333333333,4517.5,18.5,30.482758620689655,1207216,2622,3165320352,1.0,1.0,1.0
1,2026081808,pcg64_2026081808,0,2026081100,False,300,1,1.0100899999088142e-05,4.880077176494524e-05,0.20698238232256524,4484.1103515625,18.489234924316406,30.38342683827529,455915,5307,2419540905,2.647890329360962,1.0660691261291504,2.4837885878707833
1,2026081808,pcg64_2026081808,1,2026081101,False,300,1,8.301389243570156e-06,8.097237150650471e-05,0.10252125619049314,4474.65966796875,18.384735107421875,30.25385889513739,554745,5307,2944031715,2.176159381866455,1.7688684463500977,1.2302550742859177
1,2026081808,pcg64_2026081808,2,2026081102,False,300,1,9.015675459522754e-07,5.362659430829808e-05,0.016811948578520274,4500.94677734375,18.470186233520508,30.40903710180632,5107957,5307,27107927799,0.23634052276611328,1.1714908281962078,0.20174338294224328
1,2026081808,pcg64_2026081808,3,2026081103,False,300,1,1.0447485010445234e-06,3.623053271439858e-05,0.02883613413250543,4450.51171875,18.370758056640625,30.17582892865654,4407920,5307,23392831440,0.27387455105781555,0.791468063990275,0.3460336095900652
2,2026081808,pcg64_2026081808,0,2026081100,False,300,1,2.8791234853997594e-06,2.2666245058644563e-05,0.12702251643139742,1304.3184814453125,13.434059143066406,16.8937898630805,1599502,7992,12783219984,0.7547449469566345,0.49515167872111004,1.5242701971767691
2,2026081808,pcg64_2026081808,1,2026081101,False,300,1,2.3796778805262875e-06,5.597546623903327e-05,0.04251287287834811,4447.6982421875,18.365310668945312,30.162918738408177,1935206,7992,15466166352,0.6238182783126831,1.222802718480428,0.5101544745401774
2,2026081808,pcg64_2026081808,2,2026081102,False,300,1,2.1712276065954939e-07,8.068971510510892e-05,0.002690835633472228,4485.30859375,18.469228744506836,30.366599019705774,21209982,7992,169510176144,0.056917428970336914,1.762693723042806,0.03229002760166674
2,2026081808,pcg64_2026081808,3,2026081103,False,300,1,3.5816506169794593e-06,6.428563210647553e-05,0.055714636375468994,4481.150390625,18.38797378540039,30.274314344087394,1285766,7992,10275841872,0.9389082193374634,1.4043410619099934,0.668575636505628
4,2026081808,pcg64_2026081808,0,2026081100,False,300,1,0.0011180349392816424,0.006598386913537979,0.16944064571111442,420.8677673339844,5.173593521118164,6.289953646672499,4117,13362,55011354,293.0861511230469,144.14396158854166,2.033287748533373
4,2026081808,pcg64_2026081808,1,2026081101,False,300,1,5.1635968702612445e-05,0.0004201377450954169,0.12290247497492869,620.673095703125,8.631592750549316,10.27794048450986,89184,13362,1191676608,13.536059379577637,9.178049087524414,1.4748296996991443
4,2026081808,pcg64_2026081808,2,2026081102,False,300,1,1.9370679638086585e-06,7.23699777154252e-05,0.026766181570839216,4481.29052734375,18.442279815673828,30.32899208979518,2377390,13362,31766685180,0.507790744304657,1.5809462865193684,0.3211941788500706
4,2026081808,pcg64_2026081808,3,2026081103,False,300,1,3.8040702747821342e-06,6.510117236757651e-05,0.05843320690606707,4466.3828125,18.427255630493164,30.274424894418893,1210588,13362,16175876856,0.9972141981124878,1.422156810760498,0.7011984828728048
8,2026081808,pcg64_2026081808,0,2026081100,False,300,1,2.0647003111662343e-06,6.044835754437372e-05,0.03415643360782113,3570.54931640625,16.238513946533203,25.709467040448985,2230429,24102,53757799758,0.5412487983703613,1.3205145200093586,0.4098772032938535
8,2026081808,pcg64_2026081808,1,2026081101,False,300,1,3.95436381950276e-06,5.7715122238732874e-05,0.0685152117177527,4436.2578125,18.350940704345703,30.11820280646772,1164577,24102,28068634854,1.0366127490997314,1.2608060836791992,0.8221825406130324
8,2026081808,pcg64_2026081808,2,2026081102,False,300,1,6.041387905497686e-07,3.3830281608970836e-05,0.017857929695434992,4443.5146484375,18.395992279052734,30.18250328286573,7622701,24102,183722339502,0.15837135910987854,0.7390337785085043,0.21429515634521992
8,2026081808,pcg64_2026081808,3,2026081103,False,300,1,4.995682957087411e-06,9.382448479300365e-05,0.053244981500393286,4437.4443359375,18.379209518432617,30.149618897577177,921828,24102,22217898456,1.3095883131027222,2.049627145131429,0.6389397780047195
16,2026081808,pcg64_2026081808,0,2026081100,False,300,1,2.436735940136714e-06,3.636553810792975e-05,0.06700673403772257,4401.8291015625,18.33205795288086,30.00799721431985,1889891,45582,86145011562,0.6387757062911987,0.7944173018137614,0.8040808084526709
16,2026081808,pcg64_2026081808,1,2026081101,False,300,1,6.022759180268622e-07,7.261330028995872e-05,0.008294292032201538,4399.9697265625,18.287670135498047,29.95867736775932,7646278,45582,348532643796,0.15788301825523376,1.5862617492675781,0.09953150438641846
16,2026081808,pcg64_2026081808,2,2026081102,False,300,1,4.781505595019553e-06,7.753165846224874e-05,0.0616716537457758,4403.19580078125,18.316261291503906,29.99582574980961,963120,45582,43900935840,1.2534430027008057,1.6937049229939778,0.7400598449493097
16,2026081808,pcg64_2026081808,3,2026081103,False,300,1,9.613978591005434e-07,2.0901174138998613e-05,0.045997313486169755,4402.94921875,18.315330505371094,29.99424089993343,4790076,45582,218341244232,0.25202468037605286,0.456593116124471,0.5519677618340371
32,2026081808,pcg64_2026081808,0,2026081100,False,300,1,2.7809228413389064e-06,5.3094307077117264e-05,0.052377043687560174,4349.12109375,18.21910858154297,29.755238803691512,1655985,88542,146624223870,0.7290022373199463,1.1598628362019856,0.6285245242507221
32,2026081808,pcg64_2026081808,1,2026081101,False,300,1,9.052795576280914e-06,5.141134897712618e-05,0.17608554835448226,4347.6015625,18.198219299316406,29.73031893459492,508700,88542,45041315400,2.373136043548584,1.1230980555216472,2.1130265802537873
32,2026081808,pcg64_2026081808,2,2026081102,False,300,1,4.081432052771561e-06,3.1629722798243165e-05,0.12903786981649612,4344.38427734375,18.201576232910156,29.72514195530737,1128320,88542,99903709440,1.069922924041748,0.6909618377685547,1.5484544377979534
32,2026081808,pcg64_2026081808,3,2026081103,False,300,1,7.233878477563849e-06,3.672860111691989e-05,0.19695491408823063,4350.7861328125,18.209571838378906,29.750118609764847,636610,88542,56366722620,1.8963178396224976,0.8023485342661539,2.3634589690587675
64,2026081808,pcg64_2026081808,0,2026081100,False,300,1,3.864032350975322e-06,5.0061360525432974e-05,0.07718592364289129,4278.39404296875,18.06650161743164,29.415026930346095,1191802,174462,207924160524,1.0129328966140747,1.0936071077982585,0.9262310837146954
64,2026081808,pcg64_2026081808,1,2026081101,False,300,1,4.018987965537235e-06,6.818335532443598e-05,0.0589438279535194,4286.5859375,18.083236694335938,29.45349117046326,1145851,174462,199907457162,1.053553581237793,1.489488124847412,0.7073259354422329
64,2026081808,pcg64_2026081808,2,2026081102,False,300,1,3.942546300095273e-06,4.116963827982545e-05,0.09576344279000522,4290.3095703125,18.089927673339844,29.470059159579897,1168068,174462,203783479416,1.0335148572921753,0.8993644714355469,1.1491613134800627
64,2026081808,pcg64_2026081808,3,2026081103,False,300,1,4.6659815780003555e-06,3.458927676547319e-05,0.13489676611735088,4291.44775390625,18.101261138916016,29.484411679781402,986965,174462,172187887830,1.2231590747833252,0.7556142807006836,1.6187611934082107
0,2026081809,pcg64_2026081809,0,2026081100,True,306,1,3.814697265625e-06,4.57763671875e-05,0.08333333333333333,4503.5,18.5,30.445623342175068,1207216,2622,3165320352,1.0,1.0,1.0
0,2026081809,pcg64_2026081809,1,2026081101,True,306,1,3.814697265625e-06,4.57763671875e-05,0.08333333333333333,4503.5,18.5,30.445623342175068,1207216,2622,3165320352,1.0,1.0,1.0
0,2026081809,pcg64_2026081809,2,2026081102,True,306,1,3.814697265625e-06,4.57763671875e-05,0.08333333333333333,4503.5,18.5,30.445623342175068,1207216,2622,3165320352,1.0,1.0,1.0
0,2026081809,pcg64_2026081809,3,2026081103,True,306,1,3.814697265625e-06,4.57763671875e-05,0.08333333333333333,4503.5,18.5,30.445623342175068,1207216,2622,3165320352,1.0,1.0,1.0
1,2026081809,pcg64_2026081809,0,2026081100,False,306,1,1.122079720516922e-05,5.1760034693870693e-05,0.21678496298415273,4469.66796875,18.487598419189453,30.343481625422875,410412,5307,2178056484,2.94146466255188,1.1307152112325032,2.6014195558098328
1,2026081809,pcg64_2026081809,1,2026081101,False,306,1,7.809208909748122e-06,7.780893065501004e-05,0.10036391509314868,4460.5048828125,18.384191513061523,30.21576945155622,589708,5307,3129580356,2.0471372604370117,1.6997620264689128,1.2043669811177842
1,2026081809,pcg64_2026081809,2,2026081102,False,306,1,8.4124610566505e-07,5.242916085990146e-05,0.01604538565690542,4487.0224609375,18.470613479614258,30.37252982162354,5474223,5307,29051701461,0.22052761912345886,1.1453324953715007,0.19254462788286505
1,2026081809,pcg64_2026081809,3,2026081103,False,306,1,1.1159249879710842e-06,3.3099957363447174e-05,0.03371378928733662,4438.736328125,18.374305725097656,30.148142139222323,4126772,5307,21900779004,0.2925330400466919,0.7230796019236246,0.40456547144803945
2,2026081809,pcg64_2026081809,0,2026081100,False,306,1,2.90810271508235e-06,2.259071152366232e-05,0.12873001862009964,1298.2779541015625,13.433631896972656,16.877339998037808,1583563,7992,12655835496,0.7623416781425476,0.49350162347157794,1.5447602234411957
2,2026081809,pcg64_2026081809,1,2026081101,False,306,1,2.49027470999863e-06,5.979873822070658e-05,0.04164426849288134,4434.47119140625,18.36908721923828,30.131610273366263,1849260,7992,14779285920,0.6528105735778809,1.3063233693440754,0.4997312219145761
2,2026081809,pcg64_2026081809,2,2026081102,False,306,1,1.4595012487461645e-07,8.286954835057259e-05,0.0017612033343923493,4470.69140625,18.469228744506836,30.327826639069173,31553039,7992,252171887688,0.038259949535131454,1.8103129069010417,0.021134440012708193
2,2026081809,pcg64_2026081809,3,2026081103,False,306,1,4.5160227273299824e-06,6.899687286932021e-05,0.06545257110250939,4465.95458984375,18.3853816986084,30.231415093419407,1019738,7992,8149746096,1.183848261833191,1.507259686787923,0.7854308532301127
4,2026081809,pcg64_2026081809,0,2026081100,False,306,1,0.001106157898902893,0.006599612534046173,0.16760952149788041,410.9006652832031,5.174012184143066,6.263934373223181,4161,13362,55599282,289.97265625,144.17073567708334,2.0113142579745653
4,2026081809,pcg64_2026081809,1,2026081101,False,306,1,9.417080582352355e-05,0.0005016764625906944,0.18771222659564002,625.57470703125,8.248011589050293,9.90736094457085,48901,13362,653415162,24.686311721801758,10.95928955078125,2.2525467191476802
4,2026081809,pcg64_2026081809,2,2026081102,False,306,1,2.004028829105664e-06,6.722858233842999e-05,0.029809178765920485,4467.68603515625,18.444091796875,30.29471788482261,2297954,13362,30705261348,0.5253441333770752,1.4686307907104492,0.3577101451910458
4,2026081809,pcg64_2026081809,3,2026081103,False,306,1,2.4968726393126417e-06,5.928167956881225e-05,0.042118790450502555,4452.58984375,18.42645263671875,30.237035776639175,1844373,13362,24644512026,0.6545401811599731,1.2950280507405598,0.5054254854060307
8,2026081809,pcg64_2026081809,0,2026081100,False,306,1,1.1405303439460113e-06,3.696162821142934e-05,0.03085714561658121,4242.1396484375,17.975990295410156,29.2283501055892,4037743,24102,97317681786,0.2989831864833832,0.8074390888214111,0.3702857473989745
8,2026081809,pcg64_2026081809,1,2026081101,False,306,1,8.604078175267205e-06,5.250178583082743e-05,0.1638816287695714,4421.2548828125,18.365434646606445,30.092901179265596,535229,24102,12900089358,2.255507469177246,1.1469190120697021,1.966579545234857
8,2026081809,pcg64_2026081809,2,2026081102,False,306,1,4.47358706878731e-06,5.60335029149428e-05,0.07983771915130994,4431.8974609375,18.406572341918945,30.162268524777033,1029412,24102,24810888024,1.1727240085601807,1.2240705490112305,0.9580526298157193
8,2026081809,pcg64_2026081809,3,2026081103,False,306,1,4.237671419105027e-06,2.5032695702975616e-05,0.1692854604788448,4431.7255859375,18.388267517089844,30.14350779809117,1086720,24102,26192125440,1.1108801364898682,0.5468475818634033,2.0314255257461378
16,2026081809,pcg64_2026081809,0,2026081100,False,306,1,6.312742243608227e-06,3.322650081827305e-05,0.18999118439027765,4382.65283203125,18.317371368408203,29.94244519342478,729502,45582,33252160164,1.654847502708435,0.7258439858754476,2.279894212683332
16,2026081809,pcg64_2026081809,1,2026081101,False,306,1,2.4978262445074506e-06,5.834983312524855e-05,0.04280777014641737,4384.1552734375,18.327335357666016,29.95639443840209,1843669,45582,84038120358,0.6547901630401611,1.2746715545654297,0.5136932417570085
16,2026081809,pcg64_2026081809,2,2026081102,False,306,1,8.679400025357609e-07,3.1327730539487675e-05,0.02770516687896521,4392.75341796875,18.32018280029297,29.972048630448803,5305861,45582,241851756102,0.2275252640247345,0.6843647162119547,0.3324620025475825
16,2026081809,pcg64_2026081809,3,2026081103,False,306,1,2.6939865165331867e-06,1.9982831872766837e-05,0.13481505192487891,4393.673828125,18.317020416259766,29.9713276526656,1709424,45582,77918964768,0.7062124013900757,0.43653162320454914,1.617780623098547
32,2026081809,pcg64_2026081809,0,2026081100,False,306,1,6.154016773507465e-06,6.507043144665658e-05,0.09457470369706096,4326.73388671875,18.200220108032227,29.676967818161536,748318,88542,66257572356,1.6132385730743408,1.4214852650960286,1.1348964443647316
32,2026081809,pcg64_2026081809,1,2026081101,False,306,1,9.797168786462862e-06,8.300943591166288e-05,0.11802476042469232,4324.8251953125,18.197134017944336,29.668818886147253,470049,88542,41619078558,2.5682690143585205,1.813368797302246,1.416297125096308
32,2026081809,pcg64_2026081809,2,2026081102,False,306,1,8.3775972825606e-07,7.388589438050985e-05,0.011338561105339347,4323.779296875,18.200057983398438,29.66896858518889,5497004,88542,486715728168,0.2196136862039566,1.614061991373698,0.13606273326407217
32,2026081809,pcg64_2026081809,3,2026081103,False,306,1,2.3084937765815994e-06,4.061478830408305e-05,0.05683874945494974,4330.466796875,18.21689224243164,29.703541571012543,1994879,88542,176630576418,0.6051577925682068,0.8872435887654623,0.6820649934593969
64,2026081809,pcg64_2026081809,0,2026081100,False,306,1,3.0436845008807722e-06,8.549407357349992e-05,0.035601116822022674,4253.95458984375,18.061325073242188,29.345024250546565,1513023,174462,263965018626,0.7978836297988892,1.8676465352376301,0.4272134018642721
64,2026081809,pcg64_2026081809,1,2026081101,False,306,1,1.9915178199880756e-06,2.994063288497273e-05,0.06651555522019786,4249.35400390625,18.056049346923828,29.32754537850539,2312390,174462,403424184180,0.5220644474029541,0.6540631055831909,0.7981866626423744
64,2026081809,pcg64_2026081809,2,2026081102,False,306,1,2.8350602860882645e-06,7.63545831432566e-05,0.03713019139622725,4255.1279296875,18.039443969726562,29.326255454308793,1624362,174462,283389443244,0.743194043636322,1.667991320292155,0.445562296754727
64,2026081809,pcg64_2026081809,3,2026081103,False,306,1,1.045755766426737e-06,3.3443116990383714e-05,0.03126968597835648,4256.26123046875,18.048751831054688,29.338569418504953,4403675,174462,768273947850,0.27413859963417053,0.7305760383605957,0.37523623174027776
0,2026081810,pcg64_2026081810,0,2026081100,True,318,1,3.814697265625e-06,4.57763671875e-05,0.08333333333333333,4503.0,18.5,30.44429708222812,1207216,2622,3165320352,1.0,1.0,1.0
0,2026081810,pcg64_2026081810,1,2026081101,True,318,1,3.814697265625e-06,4.57763671875e-05,0.08333333333333333,4503.0,18.5,30.44429708222812,1207216,2622,3165320352,1.0,1.0,1.0
0,2026081810,pcg64_2026081810,2,2026081102,True,318,1,3.814697265625e-06,4.57763671875e-05,0.08333333333333333,4503.0,18.5,30.44429708222812,1207216,2622,3165320352,1.0,1.0,1.0
0,2026081810,pcg64_2026081810,3,2026081103,True,318,1,3.814697265625e-06,4.57763671875e-05,0.08333333333333333,4503.0,18.5,30.44429708222812,1207216,2622,3165320352,1.0,1.0,1.0
1,2026081810,pcg64_2026081810,0,2026081100,False,318,1,1.0636745173542295e-05,4.998008444090374e-05,0.21281967192590764,4469.63330078125,18.49036979675293,30.34616104550956,432947,5307,2297649729,2.7883589267730713,1.0918316046396892,2.553836063110892
1,2026081810,pcg64_2026081810,1,2026081101,False,318,1,8.295231054944452e-06,7.99428962636739e-05,0.10376445491272261,4460.158203125,18.384376525878906,30.215034889605697,555157,5307,2946218199,2.1745450496673584,1.7463792165120442,1.2451734589526715
1,2026081810,pcg64_2026081810,2,2026081102,False,318,1,9.734353625390213e-07,5.256884469417855e-05,0.01851734365101653,4486.4404296875,18.470035552978516,30.370408045518303,4730842,5307,25106578494,0.2551802396774292,1.1483839352925618,0.22220812381219837
1,2026081810,pcg64_2026081810,3,2026081103,False,318,1,1.2056735840815236e-06,3.3845481084426865e-05,0.035622882152982115,4438.8056640625,18.366666793823242,30.14068712290149,3819581,5307,20270516367,0.3160600960254669,0.739365816116333,0.4274745858357854
2,2026081810,pcg64_2026081810,0,2026081100,False,318,1,2.8438666959118564e-06,2.2635606001131237e-05,0.1256368703258809,1301.740234375,13.435858726501465,16.888750594870164,1619332,7992,12941701344,0.7455025911331177,0.4944823582967122,1.5076424439105707
2,2026081810,pcg64_2026081810,1,2026081101,False,318,1,2.6185691694990965e-06,6.14719683653675e-05,0.042597776500912635,4433.40185546875,18.365276336669922,30.124962955950426,1758657,7992,14055186744,0.6864421963691711,1.342875639597575,0.5111733180109517
2,2026081810,pcg64_2026081810,2,2026081102,False,318,1,1.816241592678125e-07,8.067869930528104e-05,0.002251203363858939,4470.412109375,18.46904754638672,30.32690460043181,25355492,7992,202641092064,0.04761168360710144,1.7624530792236328,0.027014440366307266
2,2026081810,pcg64_2026081810,3,2026081103,False,318,1,4.683299266616814e-06,6.728779408149421e-05,0.06960102245207701,4467.11328125,18.38760757446289,30.236714421279867,983316,7992,7858661472,1.227698802947998,1.4699242909749348,0.8352122694249242
4,2026081810,pcg64_2026081810,0,2026081100,False,318,1,0.0010954563040286303,0.0064960867166519165,0.1686332636571127,415.49456787109375,5.17846155166626,6.280569158751389,4202,13362,56147124,287.16729736328125,141.9091796875,2.0235991638853528
4,2026081810,pcg64_2026081810,1,2026081101,False,318,1,5.181503729545511e-05,0.00041952854371629655,0.12350777574384711,613.2960205078125,8.633428573608398,10.260208468854586,88875,13362,1187547750,13.583001136779785,9.164740880330404,1.4820933089261654
4,2026081810,pcg64_2026081810,2,2026081102,False,318,1,1.875746875157347e-06,5.121114736539312e-05,0.03662770649862295,4459.02490234375,18.42953109741211,30.257183358270865,2455111,13362,32805193182,0.49171578884124756,1.1187245845794678,0.43953247798347544
4,2026081810,pcg64_2026081810,3,2026081103,False,318,1,5.364196113077924e-06,6.574102735612541e-05,0.08159586682483012,4451.8515625,18.43157196044922,30.240196794666723,858500,13362,11471277000,1.4061918258666992,1.436134656270345,0.9791504018979615
8,2026081810,pcg64_2026081810,0,2026081100,False,318,1,1.8451029291099985e-06,3.24931534123607e-05,0.05678436025258491,4419.84716796875,18.37913703918457,30.10286958021574,2495886,24102,60155844372,0.48368266224861145,0.7098237673441569,0.681412323031019
8,2026081810,pcg64_2026081810,1,2026081101,False,318,1,1.2866395991295576e-05,9.629321721149608e-05,0.13361684616930117,4428.8212890625,18.372966766357422,30.12050334212002,357921,24102,8626611942,3.3728485107421875,2.1035574277242026,1.6034021540316141
8,2026081810,pcg64_2026081810,2,2026081102,False,318,1,3.3111848551925505e-06,2.7430345653556287e-05,0.12071247285807579,4420.4140625,18.40485382080078,30.13009006085383,1390790,24102,33520820580,0.868007242679596,0.5992250442504883,1.4485496742969095
8,2026081810,pcg64_2026081810,3,2026081103,False,318,1,5.762004775533569e-07,2.676113581401296e-05,0.021531241482345472,4439.25,18.415441513061523,30.190640452053565,7992304,24102,192630511008,0.1510474979877472,0.5846059322357178,0.2583748977881457
16,2026081810,pcg64_2026081810,0,2026081100,False,318,1,1.3857456337973417e-07,2.2398602595785633e-05,0.006186750391553775,4371.0537109375,18.272541046142578,29.86684797170624,33232433,45582,1514800761006,0.036326490342617035,0.4893049399058024,0.07424100469864531
16,2026081810,pcg64_2026081810,1,2026081101,False,318,1,1.8396035557088908e-06,5.2591080020647496e-05,0.034979383480747195,4404.380859375,18.321516036987305,30.004223886788367,2503347,45582,114107562954,0.48224103450775146,1.1488696734110515,0.41975260176896634
16,2026081810,pcg64_2026081810,2,2026081102,False,318,1,1.3698208931600675e-06,5.139654240338132e-05,0.02665200476734693,4385.71630859375,18.28799819946289,29.921197957005994,3361876,45582,153241031832,0.35909032821655273,1.122774600982666,0.31982405720816315
16,2026081810,pcg64_2026081810,3,2026081103,False,318,1,3.266855173933436e-06,2.344584572711028e-05,0.13933620531145918,4399.6513671875,18.32845687866211,29.998619656347785,1409663,45582,64255258866,0.8563864827156067,0.5121823151906332,1.6720344637375102
32,2026081810,pcg64_2026081810,0,2026081100,False,318,1,5.3769458645547275e-06,4.747648199554533e-05,0.11325493462340451,4326.9560546875,18.198505401611328,29.675842416697535,856464,88542,75833035488,1.4095340967178345,1.0371395746866863,1.3590592154808543
32,2026081810,pcg64_2026081810,1,2026081101,False,318,1,2.297564378750394e-06,3.790457412833348e-05,0.060614435898198794,4333.2392578125,18.219011306762695,29.713014643135374,2004369,88542,177470839998,0.6022927165031433,0.8280380566914877,0.7273732307783856
32,2026081810,pcg64_2026081810,2,2026081102,False,318,1,4.216568640913465e-07,6.0271060647210106e-05,0.0069960086907955325,4339.29736328125,18.244281768798828,29.754354350446704,10921604,88542,967020661368,0.11053481698036194,1.3166414101918538,0.0839521042895464
32,2026081810,pcg64_2026081810,3,2026081103,False,318,1,5.521344064618461e-06,6.877929263282567e-05,0.08027625544353649,4342.4755859375,18.21764373779297,29.736146618263792,834065,88542,73849783230,1.4473872184753418,1.5025065739949544,0.9633150653224379
64,2026081810,pcg64_2026081810,0,2026081100,False,318,1,9.08247511688387e-06,9.619316551834345e-05,0.0944191312131411,4274.5771484375,18.09711456298828,29.435515487225683,507037,174462,88458689094,2.3809163570404053,2.1013717651367188,1.1330295745576933
64,2026081810,pcg64_2026081810,1,2026081101,False,318,1,2.9639249987667426e-06,6.828630284871906e-05,0.043404385288408405,4291.86328125,18.128063201904297,29.512315937315435,1553739,174462,271068413418,0.776975154876709,1.4917370478312175,0.5208526234609009
64,2026081810,pcg64_2026081810,2,2026081102,False,318,1,2.8429551548470045e-06,4.872582576354034e-05,0.058345961516249524,4278.30322265625,18.093212127685547,29.441496537914325,1619851,174462,282602445162,0.7452636361122131,1.06443190574646,0.7001515381949943
64,2026081810,pcg64_2026081810,3,2026081103,False,318,1,9.30312467062322e-08,9.622531797504053e-05,0.0009668063318882789,4285.494140625,18.108108520507812,29.4754669837041,49501325,174462,8636100162150,0.024387583136558533,2.102074146270752,0.011601675982659347
