cell_id,graph_seed,alignment,method,success_probability,resource_units_per_run,continuous_c99,expected_fine_energy,expected_coarse_energy,selected_restart,best_step
pin0.800_pout0.360_cw0.2500,100,aligned,lp_qaoa_p4_1,0.8546789884567261,4728,11288.433483845867,-64.18159484863281,-49.74822235107422,0,199
pin0.800_pout0.360_cw0.2500,100,aligned,stage1_only_p4,0.3946517705917358,1476,13541.612165078512,-37.841346740722656,-41.92353820800781,0,307
pin0.800_pout0.360_cw0.2500,100,aligned,standard_qaoa_p4,0.3309093117713928,1476,16915.450019577263,-46.49625396728516,-29.52228736877441,0,258
pin0.800_pout0.360_cw0.2500,100,aligned,standard_qaoa_p6,0.5914611220359802,2076,10679.929583269966,-58.899932861328125,-41.36788177490234,0,305
pin0.800_pout0.360_cw0.2500,100,aligned,standard_qaoa_p8,0.6075196862220764,2676,13176.355410637028,-59.533790588378906,-41.93644714355469,0,188
pin0.800_pout0.360_cw0.2500,100,aligned,warm_start_qaoa_p4_1,0.4002494812011719,1776,15997.8836900754,-38.10573196411133,-41.91964721679688,0,152
pin0.800_pout0.360_cw0.2500,101,aligned,lp_qaoa_p4_1,0.6240630149841309,4728,22255.436656715552,-42.58915710449219,-43.07792663574219,0,145
pin0.800_pout0.360_cw0.2500,101,aligned,stage1_only_p4,0.2129061073064804,1476,28391.86147448864,-27.512020111083984,-39.082279205322266,0,320
pin0.800_pout0.360_cw0.2500,101,aligned,standard_qaoa_p4,0.076728455722332,1476,85144.3097755783,-34.82193374633789,-16.052658081054688,1,302
pin0.800_pout0.360_cw0.2500,101,aligned,standard_qaoa_p6,0.1833127290010452,2076,47211.7475687663,-39.629844665527344,-22.40737533569336,0,183
pin0.800_pout0.360_cw0.2500,101,aligned,standard_qaoa_p8,0.2565384209156036,2676,41571.68619538402,-41.686485290527344,-25.478382110595703,0,320
pin0.800_pout0.360_cw0.2500,101,aligned,warm_start_qaoa_p4_1,0.2109740376472473,1776,34516.03002683691,-27.53539276123047,-39.04379653930664,3,106
pin0.800_pout0.360_cw0.2500,102,aligned,lp_qaoa_p4_1,0.7204734683036804,4728,17081.635641491754,-46.38815307617188,-45.19934844970703,0,156
pin0.800_pout0.360_cw0.2500,102,aligned,stage1_only_p4,0.2483650594949722,1476,23807.78801947545,-26.3699951171875,-39.83037567138672,0,313
pin0.800_pout0.360_cw0.2500,102,aligned,standard_qaoa_p4,0.085010789334774,1476,76508.34372389513,-34.39253616333008,-17.124357223510742,0,317
pin0.800_pout0.360_cw0.2500,102,aligned,standard_qaoa_p6,0.288981944322586,2076,28031.445063947824,-42.80804443359375,-30.507713317871094,0,171
pin0.800_pout0.360_cw0.2500,102,aligned,standard_qaoa_p8,0.3732644915580749,2676,26375.48510445888,-45.95084381103516,-34.67828369140625,0,287
pin0.800_pout0.360_cw0.2500,102,aligned,warm_start_qaoa_p4_1,0.2462592273950576,1776,28930.266380066216,-26.42991828918457,-39.73707962036133,3,261
pin0.800_pout0.360_cw0.2500,103,aligned,lp_qaoa_p4_1,0.6764593124389648,4728,19295.159577454924,-51.56415557861328,-45.25463485717773,0,195
pin0.800_pout0.360_cw0.2500,103,aligned,stage1_only_p4,0.2381519973278045,1476,24989.065866010824,-32.35447311401367,-40.07833099365234,0,263
pin0.800_pout0.360_cw0.2500,103,aligned,standard_qaoa_p4,0.1490061581134796,1476,42127.14534478595,-40.73291015625,-24.18646049499512,0,286
pin0.800_pout0.360_cw0.2500,103,aligned,standard_qaoa_p6,0.4098413586616516,2076,18128.53212741958,-49.31850814819336,-34.328147888183594,0,304
pin0.800_pout0.360_cw0.2500,103,aligned,standard_qaoa_p8,0.530145525932312,2676,16315.25096949158,-52.468109130859375,-38.643646240234375,0,310
pin0.800_pout0.360_cw0.2500,103,aligned,warm_start_qaoa_p4_1,0.2341114729642868,1776,30664.456258334045,-32.42620086669922,-40.02866744995117,0,149
pin0.800_pout0.360_cw0.2500,104,aligned,lp_qaoa_p4_1,0.7771117687225342,4728,14505.006036464763,-63.54546356201172,-48.617454528808594,0,273
pin0.800_pout0.360_cw0.2500,104,aligned,stage1_only_p4,0.3368499279022217,1476,16548.181720872763,-38.49946594238281,-41.456016540527344,0,307
pin0.800_pout0.360_cw0.2500,104,aligned,standard_qaoa_p4,0.2633771896362304,1476,22236.47793215449,-51.45154571533203,-32.850486755371094,1,305
pin0.800_pout0.360_cw0.2500,104,aligned,standard_qaoa_p6,0.4099381268024444,2076,18122.896834963343,-60.91560363769531,-40.8283805847168,0,295
pin0.800_pout0.360_cw0.2500,104,aligned,standard_qaoa_p8,0.4180524945259094,2676,22763.21346023949,-62.10693359375,-41.74351501464844,0,319
pin0.800_pout0.360_cw0.2500,104,aligned,warm_start_qaoa_p4_1,0.3348404169082641,1776,20059.393473367203,-38.718994140625,-41.38116455078125,3,216
pin0.800_pout0.360_cw0.2500,105,aligned,lp_qaoa_p4_1,0.7935864329338074,4728,13799.106470663764,-60.75518035888672,-47.51148223876953,0,167
pin0.800_pout0.360_cw0.2500,105,aligned,stage1_only_p4,0.311116486787796,1476,18238.63598939748,-36.139686584472656,-40.68600463867188,0,311
pin0.800_pout0.360_cw0.2500,105,aligned,standard_qaoa_p4,0.1684185415506363,1476,36856.14000423739,-46.26403045654297,-27.179607391357425,0,177
pin0.800_pout0.360_cw0.2500,105,aligned,standard_qaoa_p6,0.3384699821472168,2076,23137.30688165312,-56.68463134765625,-37.0869140625,0,220
pin0.800_pout0.360_cw0.2500,105,aligned,standard_qaoa_p8,0.4337862432003021,2676,21666.29840159037,-60.34027099609375,-40.965423583984375,0,303
pin0.800_pout0.360_cw0.2500,105,aligned,warm_start_qaoa_p4_1,0.3132282793521881,1776,21766.36020793836,-36.357887268066406,-40.63987731933594,0,226
pin0.800_pout0.360_cw0.2500,106,aligned,lp_qaoa_p4_1,0.8388618230819702,4728,11927.322733140403,-58.99024963378906,-47.97908782958984,0,167
pin0.800_pout0.360_cw0.2500,106,aligned,stage1_only_p4,0.3557136058807373,1476,15461.889385533686,-34.31282424926758,-40.91218948364258,0,313
pin0.800_pout0.360_cw0.2500,106,aligned,standard_qaoa_p4,0.1654723137617111,1476,37576.73318843241,-42.869083404541016,-25.354633331298828,0,269
pin0.800_pout0.360_cw0.2500,106,aligned,standard_qaoa_p6,0.3147607445716858,2076,25292.74194080724,-53.76388931274414,-36.20493698120117,0,301
pin0.800_pout0.360_cw0.2500,106,aligned,standard_qaoa_p8,0.4537636935710907,2676,20379.29887149221,-59.86095428466797,-42.67195892333984,0,312
pin0.800_pout0.360_cw0.2500,106,aligned,warm_start_qaoa_p4_1,0.3533186316490173,1776,18762.91025636945,-34.531307220458984,-40.844486236572266,0,216
pin0.800_pout0.360_cw0.2500,107,aligned,lp_qaoa_p4_1,0.7873762249946594,4728,14063.30501454189,-57.72251892089844,-46.51875305175781,0,189
pin0.800_pout0.360_cw0.2500,107,aligned,stage1_only_p4,0.2931555807590484,1476,19591.685053575737,-34.458614349365234,-40.17681884765625,0,309
pin0.800_pout0.360_cw0.2500,107,aligned,standard_qaoa_p4,0.2369793057441711,1476,25131.171782226767,-42.801029205322266,-26.72911071777344,0,229
pin0.800_pout0.360_cw0.2500,107,aligned,standard_qaoa_p6,0.5419679880142212,2076,12244.025264649015,-53.936710357666016,-38.54726409912109,0,294
pin0.800_pout0.360_cw0.2500,107,aligned,standard_qaoa_p8,0.7230356335639954,2676,9598.689712279174,-59.42756652832031,-43.86231231689453,0,273
pin0.800_pout0.360_cw0.2500,107,aligned,warm_start_qaoa_p4_1,0.2902438938617706,1776,23856.40018941138,-34.55683898925781,-40.15200805664063,2,202
pin0.800_pout0.360_cw0.2500,109,aligned,lp_qaoa_p4_1,0.7041756510734558,4728,17876.382456879473,-45.69671249389648,-44.57307434082031,0,282
pin0.800_pout0.360_cw0.2500,109,aligned,stage1_only_p4,0.2381607294082641,1476,24988.012930952125,-26.73654556274414,-39.52133941650391,0,292
pin0.800_pout0.360_cw0.2500,109,aligned,standard_qaoa_p4,0.0686085075139999,1476,95633.84423798784,-33.61482238769531,-16.056686401367188,0,317
pin0.800_pout0.360_cw0.2500,109,aligned,standard_qaoa_p6,0.1962274610996246,2076,43766.612119393096,-40.85026550292969,-26.85122299194336,0,186
pin0.800_pout0.360_cw0.2500,109,aligned,standard_qaoa_p8,0.2815130054950714,2676,37275.10389896907,-43.60845947265625,-30.47832298278809,0,213
pin0.800_pout0.360_cw0.2500,109,aligned,warm_start_qaoa_p4_1,0.2433640956878662,1776,29327.969840960806,-26.762025833129883,-39.57761764526367,0,111
