problem_seed,depth,ground_probability,selected_unique_operating_depth,ground_total_logical_cost_integer_decimal,terminal_RU
840030011,1,0.00053330921787209996,False,249623195,28915
840030011,2,0.00058802619034590002,False,348082650,44455
840030011,4,0.0029239857748062999,False,118816555,75535
840030011,8,0.0017941689985224,False,353187675,137695
840030011,12,0.018368530843063301,False,49763895,199855
840030011,16,0.0101949732734399,False,117906750,262015
840030011,24,0.057402274742542697,False,30134130,386335
840030011,36,0.1640827389598836,False,14893190,572815
840030011,48,0.20442238575253061,False,15945195,759295
840030011,64,0.31187776083197088,False,13103155,1007935
840030011,80,0.4279714718879013,True,11309175,1256575
840030011,96,0.48020225361272389,False,12041720,1505215
840030011,112,0.4751526690830255,False,14030840,1753855
840030011,128,0.54531429855054725,False,12014970,2002495
840030012,1,0.00053151669902050001,False,250461730,28915
840030012,2,0.00059996069752199998,False,341147670,44455
840030012,4,0.0013518243243982001,False,257196675,75535
840030012,8,0.012774841244981299,False,49432505,137695
840030012,12,0.0143252193385013,False,63953600,199855
840030012,16,0.0363180781673288,False,32751875,262015
840030012,24,0.060019618955661297,False,28975125,386335
840030012,36,0.13573552343743539,False,18330080,572815
840030012,48,0.2203214279831297,False,14426605,759295
840030012,64,0.28052687035989998,False,14111090,1007935
840030012,80,0.38047849690097069,True,12565750,1256575
840030012,96,0.41943625349345381,False,13546935,1505215
840030012,112,0.4510478308396989,False,14030840,1753855
840030012,128,0.4883128059153557,False,14017465,2002495
