realization_seed,method,method_key,depth,selected_depth,success_probability,per_shot_RU,total_cost_RU
2026091100,Block-XY QAOA (combined phase),block_xy_combined,0,False,1.3168724279835385e-06,15425,53941980824.999954
2026091100,Block-XY QAOA (combined phase),block_xy_combined,1,True,3.2240875911376125e-06,30980,44250661113.5056
2026091100,Block-XY QAOA (combined phase),block_xy_combined,2,False,6.302857255709266e-07,46535,340006919555.83344
2026091100,Block-XY QAOA (combined phase),block_xy_combined,4,False,1.386347899746057e-06,77645,257920273654.43317
2026091100,Block-XY QAOA (combined phase),block_xy_combined,8,False,9.134182250367957e-07,139865,705154238557.6604
2026091100,Block-XY QAOA (combined phase),block_xy_combined,16,False,6.699994787262673e-07,264305,1816671349215.9482
2026091100,Block-XY QAOA (combined phase),block_xy_combined,32,False,1.0278820525923706e-06,513185,2299195858368.654
2026091100,Block-XY QAOA (combined phase),block_xy_combined,64,False,8.595812888724419e-07,1010945,5416091733486.979
2026091101,Block-XY QAOA (combined phase),block_xy_combined,0,False,1.3168724279835385e-06,15425,53941980824.999954
2026091101,Block-XY QAOA (combined phase),block_xy_combined,1,True,3.1777080804212034e-06,30980,44896500146.88039
2026091101,Block-XY QAOA (combined phase),block_xy_combined,2,False,6.325113178134007e-07,46535,338810546320.47943
2026091101,Block-XY QAOA (combined phase),block_xy_combined,4,False,1.3419848243807687e-06,77645,266446868116.14258
2026091101,Block-XY QAOA (combined phase),block_xy_combined,8,False,3.8399299326221074e-07,139865,1677379421314.8647
2026091101,Block-XY QAOA (combined phase),block_xy_combined,16,False,8.657357706549662e-07,264305,1405935572642.4553
2026091101,Block-XY QAOA (combined phase),block_xy_combined,32,False,2.3791819382741377e-07,513185,9933262213737.135
2026091101,Block-XY QAOA (combined phase),block_xy_combined,64,False,9.888288352616026e-07,1010945,4708166573708.804
2026091103,Block-XY QAOA (combined phase),block_xy_combined,0,False,1.3168724279835385e-06,15425,53941980824.999954
2026091103,Block-XY QAOA (combined phase),block_xy_combined,1,True,3.199079361138585e-06,30980,44596573846.90665
2026091103,Block-XY QAOA (combined phase),block_xy_combined,2,False,6.184131581884433e-07,46535,346534491117.3242
2026091103,Block-XY QAOA (combined phase),block_xy_combined,4,False,1.7745568944655194e-06,77645,201496651709.435
2026091103,Block-XY QAOA (combined phase),block_xy_combined,8,False,2.382407061184451e-07,139865,2703576788774.5767
2026091103,Block-XY QAOA (combined phase),block_xy_combined,16,False,7.883205746796326e-07,264305,1544002186015.3147
2026091103,Block-XY QAOA (combined phase),block_xy_combined,32,False,8.395233042683426e-07,513185,2815053361402.86
2026091103,Block-XY QAOA (combined phase),block_xy_combined,64,False,4.3093856478033297e-07,1010945,10803333095867.6
2026091104,Block-XY QAOA (combined phase),block_xy_combined,0,False,1.3168724279835385e-06,15425,53941980824.999954
2026091104,Block-XY QAOA (combined phase),block_xy_combined,1,True,3.2593326187015485e-06,30980,43772152252.6774
2026091104,Block-XY QAOA (combined phase),block_xy_combined,2,False,6.912435878183584e-07,46535,310023114064.33295
2026091104,Block-XY QAOA (combined phase),block_xy_combined,4,False,1.7619239717970244e-06,77645,202941269908.88333
2026091104,Block-XY QAOA (combined phase),block_xy_combined,8,False,2.2900868947468033e-07,139865,2812565849780.9824
2026091104,Block-XY QAOA (combined phase),block_xy_combined,16,False,6.486294598938053e-07,264305,1876524463453.116
2026091104,Block-XY QAOA (combined phase),block_xy_combined,32,False,9.090043223735188e-07,513185,2599881154681.1343
2026091104,Block-XY QAOA (combined phase),block_xy_combined,64,False,1.4932534905583815e-06,1010945,3117736434941.2065
2026091105,Block-XY QAOA (combined phase),block_xy_combined,0,False,1.3168724279835385e-06,15425,53941980824.999954
2026091105,Block-XY QAOA (combined phase),block_xy_combined,1,True,3.1990895115158877e-06,30980,44596424133.470406
2026091105,Block-XY QAOA (combined phase),block_xy_combined,2,False,6.089426008903685e-07,46535,351923972851.8231
2026091105,Block-XY QAOA (combined phase),block_xy_combined,4,False,1.2740806280121755e-06,77645,280647182672.3012
2026091105,Block-XY QAOA (combined phase),block_xy_combined,8,False,6.669806981159576e-07,139865,965695994356.7317
2026091105,Block-XY QAOA (combined phase),block_xy_combined,16,False,1.4815103232966305e-06,264305,821572773785.6409
2026091105,Block-XY QAOA (combined phase),block_xy_combined,32,False,6.838160070650619e-07,513185,3456051771895.563
2026091105,Block-XY QAOA (combined phase),block_xy_combined,64,False,6.242457680025291e-07,1010945,7457914271049.187
2026091106,Block-XY QAOA (combined phase),block_xy_combined,0,False,1.3168724279835385e-06,15425,53941980824.999954
2026091106,Block-XY QAOA (combined phase),block_xy_combined,1,True,3.2211997727384253e-06,30980,44290332064.3509
2026091106,Block-XY QAOA (combined phase),block_xy_combined,2,False,6.367084126870955e-07,46535,336577110577.45276
2026091106,Block-XY QAOA (combined phase),block_xy_combined,4,False,1.2866614173155261e-06,77645,277903337377.93134
2026091106,Block-XY QAOA (combined phase),block_xy_combined,8,False,4.92185588806065e-07,139865,1308653542995.4634
2026091106,Block-XY QAOA (combined phase),block_xy_combined,16,False,6.026131817211987e-07,264305,2019818292554.7888
2026091106,Block-XY QAOA (combined phase),block_xy_combined,32,False,8.723353248595104e-07,513185,2709168230556.254
2026091106,Block-XY QAOA (combined phase),block_xy_combined,64,False,4.368325493392095e-07,1010945,10657567413444.613
2026091107,Block-XY QAOA (combined phase),block_xy_combined,0,False,1.3168724279835385e-06,15425,53941980824.999954
2026091107,Block-XY QAOA (combined phase),block_xy_combined,1,True,3.2265165931016743e-06,30980,44217344155.15909
2026091107,Block-XY QAOA (combined phase),block_xy_combined,2,False,6.372498413127902e-07,46535,336291170781.3577
2026091107,Block-XY QAOA (combined phase),block_xy_combined,4,False,1.2302739388670128e-06,77645,290640437854.47974
2026091107,Block-XY QAOA (combined phase),block_xy_combined,8,False,2.9932162222809863e-07,139865,2151872682730.4146
2026091107,Block-XY QAOA (combined phase),block_xy_combined,16,False,8.679816993508357e-07,264305,1402297580716.2485
2026091107,Block-XY QAOA (combined phase),block_xy_combined,32,False,5.996263004748675e-07,513185,3941293485391.7173
2026091107,Block-XY QAOA (combined phase),block_xy_combined,64,False,1.297060386824768e-06,1010945,3589324365573.9604
2026091108,Block-XY QAOA (combined phase),block_xy_combined,0,False,1.3168724279835385e-06,15425,53941980824.999954
2026091108,Block-XY QAOA (combined phase),block_xy_combined,1,True,3.1978556707266203e-06,30980,44613640187.40443
2026091108,Block-XY QAOA (combined phase),block_xy_combined,2,False,6.254486753804411e-07,46535,342636419410.3057
2026091108,Block-XY QAOA (combined phase),block_xy_combined,4,False,1.739665535524367e-06,77645,205537981491.02505
2026091108,Block-XY QAOA (combined phase),block_xy_combined,8,False,5.938752853877313e-07,139865,1084574235191.9717
2026091108,Block-XY QAOA (combined phase),block_xy_combined,16,False,1.1410285495702904e-06,264305,1066729214894.3435
2026091108,Block-XY QAOA (combined phase),block_xy_combined,32,False,4.5951932518428516e-07,513185,5142991172904.339
2026091108,Block-XY QAOA (combined phase),block_xy_combined,64,False,2.3053338522824283e-07,1010945,20194789709625.16
2026091109,Block-XY QAOA (combined phase),block_xy_combined,0,False,1.3168724279835385e-06,15425,53941980824.999954
2026091109,Block-XY QAOA (combined phase),block_xy_combined,1,True,3.266487641673786e-06,30980,43676255172.47629
2026091109,Block-XY QAOA (combined phase),block_xy_combined,2,False,7.071053636472628e-07,46535,303068698621.79706
2026091109,Block-XY QAOA (combined phase),block_xy_combined,4,False,1.7239009295692002e-06,77645,207417676425.54333
2026091109,Block-XY QAOA (combined phase),block_xy_combined,8,False,1.2103760057112391e-06,139865,532149183268.7093
2026091109,Block-XY QAOA (combined phase),block_xy_combined,16,False,6.848595685407642e-07,264305,1777253572403.729
2026091109,Block-XY QAOA (combined phase),block_xy_combined,32,False,6.409884783297384e-07,513185,3686967378520.475
2026091109,Block-XY QAOA (combined phase),block_xy_combined,64,False,1.2892743001584225e-06,1010945,3611000517205.155
2026091110,Block-XY QAOA (combined phase),block_xy_combined,0,False,1.3168724279835385e-06,15425,53941980824.999954
2026091110,Block-XY QAOA (combined phase),block_xy_combined,1,True,3.2037097850511038e-06,30980,44532123265.62513
2026091110,Block-XY QAOA (combined phase),block_xy_combined,2,False,6.416737322072368e-07,46535,333972697114.1409
2026091110,Block-XY QAOA (combined phase),block_xy_combined,4,False,1.3780888725255611e-06,77645,259466258047.27063
2026091110,Block-XY QAOA (combined phase),block_xy_combined,8,False,2.984307345290597e-07,139865,2158296401144.308
2026091110,Block-XY QAOA (combined phase),block_xy_combined,16,False,6.759446217166061e-07,264305,1800693418648.2192
2026091110,Block-XY QAOA (combined phase),block_xy_combined,32,False,2.3737420981382873e-06,513185,995601621165.8245
2026091110,Block-XY QAOA (combined phase),block_xy_combined,64,False,1.4907766394053752e-06,1010945,3122915531412.099
2026091100,Block-XY QAOA (separate phases),block_xy_separate,0,False,1.3168724279835385e-06,15425,53941980824.999954
2026091100,Block-XY QAOA (separate phases),block_xy_separate,1,False,1.7584840559788118e-05,31070,8136622204.108396
2026091100,Block-XY QAOA (separate phases),block_xy_separate,2,False,2.9431956023523974e-05,46715,7309265806.605271
2026091100,Block-XY QAOA (separate phases),block_xy_separate,4,False,9.632177034178694e-05,78005,3729013625.019972
2026091100,Block-XY QAOA (separate phases),block_xy_separate,6,False,0.0003267074674627831,109295,1540261388.2629795
2026091100,Block-XY QAOA (separate phases),block_xy_separate,8,False,0.0007445272192267012,140585,869305809.5278394
2026091100,Block-XY QAOA (separate phases),block_xy_separate,10,False,0.000541510596250403,171875,1461149572.6388311
2026091100,Block-XY QAOA (separate phases),block_xy_separate,12,False,0.0009370963274472633,203165,997778865.2947103
2026091100,Block-XY QAOA (separate phases),block_xy_separate,14,False,0.0013723808930866076,234455,786099570.1648701
2026091100,Block-XY QAOA (separate phases),block_xy_separate,16,True,0.001956673698971994,265745,624820340.6039366
2026091100,Block-XY QAOA (separate phases),block_xy_separate,32,False,8.16530168095989e-07,516065,2910567635371.203
2026091100,Block-XY QAOA (separate phases),block_xy_separate,64,False,1.1590254470010312e-06,1016705,4039684209921.726
2026091101,Block-XY QAOA (separate phases),block_xy_separate,0,False,1.3168724279835385e-06,15425,53941980824.999954
2026091101,Block-XY QAOA (separate phases),block_xy_separate,1,False,1.7590636417220667e-05,31070,8133926516.568283
2026091101,Block-XY QAOA (separate phases),block_xy_separate,2,False,2.9444620149724702e-05,46715,7306159504.396825
2026091101,Block-XY QAOA (separate phases),block_xy_separate,4,False,9.622339335372195e-05,78005,3732904178.893623
2026091101,Block-XY QAOA (separate phases),block_xy_separate,6,False,0.00033020035513362054,109295,1523930586.1196432
2026091101,Block-XY QAOA (separate phases),block_xy_separate,8,False,0.000509079459536707,140585,1271408282.4141304
2026091101,Block-XY QAOA (separate phases),block_xy_separate,10,False,0.0004681162132987108,171875,1690313954.9909053
2026091101,Block-XY QAOA (separate phases),block_xy_separate,12,False,0.0009529396527754157,203165,981174983.6925007
2026091101,Block-XY QAOA (separate phases),block_xy_separate,14,False,0.001321566241846557,234455,816457904.5897661
2026091101,Block-XY QAOA (separate phases),block_xy_separate,16,True,0.001813378221307935,265745,674247165.7406992
2026091101,Block-XY QAOA (separate phases),block_xy_separate,32,False,1.7194652771380413e-06,516065,1382153555569.937
2026091101,Block-XY QAOA (separate phases),block_xy_separate,64,False,5.752987014045911e-07,1016705,8138550278194.513
2026091103,Block-XY QAOA (separate phases),block_xy_separate,0,False,1.3168724279835385e-06,15425,53941980824.999954
2026091103,Block-XY QAOA (separate phases),block_xy_separate,1,False,1.759349630315681e-05,31070,8132610105.270821
2026091103,Block-XY QAOA (separate phases),block_xy_separate,2,False,2.9444492611504375e-05,46715,7306174924.494927
2026091103,Block-XY QAOA (separate phases),block_xy_separate,4,False,9.65176933504381e-05,78005,3721554691.3295655
2026091103,Block-XY QAOA (separate phases),block_xy_separate,6,False,0.0003294227408800221,109295,1527567949.8906033
2026091103,Block-XY QAOA (separate phases),block_xy_separate,8,False,0.0005530408040943426,140585,1170251139.3885643
2026091103,Block-XY QAOA (separate phases),block_xy_separate,10,False,0.0005144929448035549,171875,1537910152.6027105
2026091103,Block-XY QAOA (separate phases),block_xy_separate,12,False,0.0008842959369327147,203165,1057384594.2659309
2026091103,Block-XY QAOA (separate phases),block_xy_separate,14,False,0.001364839979880929,234455,790484427.3701054
2026091103,Block-XY QAOA (separate phases),block_xy_separate,16,True,0.001513313223807136,265745,808274685.968551
2026091103,Block-XY QAOA (separate phases),block_xy_separate,32,False,1.264631146355972e-06,516065,1879256021552.766
2026091103,Block-XY QAOA (separate phases),block_xy_separate,64,False,4.643379161159367e-07,1016705,10083384911419.7
2026091104,Block-XY QAOA (separate phases),block_xy_separate,0,False,1.3168724279835385e-06,15425,53941980824.999954
2026091104,Block-XY QAOA (separate phases),block_xy_separate,1,False,1.75880567097448e-05,31070,8135137682.104456
2026091104,Block-XY QAOA (separate phases),block_xy_separate,2,False,2.9438427234894498e-05,46715,7307654938.340282
2026091104,Block-XY QAOA (separate phases),block_xy_separate,4,False,9.648071984501801e-05,78005,3722951582.961384
2026091104,Block-XY QAOA (separate phases),block_xy_separate,6,False,0.0003271710307206733,109295,1538078369.548149
2026091104,Block-XY QAOA (separate phases),block_xy_separate,8,False,0.0004972597355627647,140585,1301504845.099655
2026091104,Block-XY QAOA (separate phases),block_xy_separate,10,False,0.00048153593387870126,171875,1643199425.4782646
2026091104,Block-XY QAOA (separate phases),block_xy_separate,12,False,0.0009301541083782432,203165,1005215255.1967043
2026091104,Block-XY QAOA (separate phases),block_xy_separate,14,False,0.0029755918506336977,234455,362489235.9661819
2026091104,Block-XY QAOA (separate phases),block_xy_separate,16,True,0.002024283125079142,265745,603978292.4246166
2026091104,Block-XY QAOA (separate phases),block_xy_separate,32,False,2.192211586766819e-06,516065,1084094643154.8391
2026091104,Block-XY QAOA (separate phases),block_xy_separate,64,False,7.972194026706228e-07,1016705,5873035505313.88
2026091105,Block-XY QAOA (separate phases),block_xy_separate,0,False,1.3168724279835385e-06,15425,53941980824.999954
2026091105,Block-XY QAOA (separate phases),block_xy_separate,1,False,1.7582558981695202e-05,31070,8137684772.076997
2026091105,Block-XY QAOA (separate phases),block_xy_separate,2,False,2.9424676755999613e-05,46715,7311076807.642744
2026091105,Block-XY QAOA (separate phases),block_xy_separate,4,False,9.631089791309759e-05,78005,3729554501.60896
2026091105,Block-XY QAOA (separate phases),block_xy_separate,6,False,0.0003258982528726923,109295,1544074834.683112
2026091105,Block-XY QAOA (separate phases),block_xy_separate,8,False,0.0005128347264589907,140585,1262108384.3372808
2026091105,Block-XY QAOA (separate phases),block_xy_separate,10,False,0.00046540428504123263,171875,1700288691.6073794
2026091105,Block-XY QAOA (separate phases),block_xy_separate,12,False,0.0009537810351138893,203165,980371647.1787832
2026091105,Block-XY QAOA (separate phases),block_xy_separate,14,False,0.0016525964674199555,234455,652809530.2344629
2026091105,Block-XY QAOA (separate phases),block_xy_separate,16,True,0.0021822106245634096,265745,560191170.9345821
2026091105,Block-XY QAOA (separate phases),block_xy_separate,32,False,4.936288318897489e-07,516065,4814480411183.863
2026091105,Block-XY QAOA (separate phases),block_xy_separate,64,False,1.3764126457636825e-06,1016705,3401666474130.9814
2026091106,Block-XY QAOA (separate phases),block_xy_separate,0,False,1.3168724279835385e-06,15425,53941980824.999954
2026091106,Block-XY QAOA (separate phases),block_xy_separate,1,False,1.7585645750872522e-05,31070,8136236417.124811
2026091106,Block-XY QAOA (separate phases),block_xy_separate,2,False,2.942913581791887e-05,46715,7309993321.362656
2026091106,Block-XY QAOA (separate phases),block_xy_separate,4,False,9.642098572628525e-05,78005,3725256200.930031
2026091106,Block-XY QAOA (separate phases),block_xy_separate,6,False,0.00032251301264393757,109295,1560319615.3710303
2026091106,Block-XY QAOA (separate phases),block_xy_separate,8,False,0.00047102431114801974,140585,1374146573.9119506
2026091106,Block-XY QAOA (separate phases),block_xy_separate,10,False,0.0005284608565026054,171875,1497281552.0316725
2026091106,Block-XY QAOA (separate phases),block_xy_separate,12,False,0.0013540177624471526,203165,690542000.6483692
2026091106,Block-XY QAOA (separate phases),block_xy_separate,14,False,0.0026663001377717557,234455,404458290.07889616
2026091106,Block-XY QAOA (separate phases),block_xy_separate,16,True,0.0017667101478827313,265745,692027198.417712
2026091106,Block-XY QAOA (separate phases),block_xy_separate,32,False,8.805237874822908e-07,516065,2699036656151.265
2026091106,Block-XY QAOA (separate phases),block_xy_separate,64,False,1.2007085365510193e-06,1016705,3899442208911.3843
2026091107,Block-XY QAOA (separate phases),block_xy_separate,0,False,1.3168724279835385e-06,15425,53941980824.999954
2026091107,Block-XY QAOA (separate phases),block_xy_separate,1,False,1.75867585046329e-05,31070,8135740050.1437845
2026091107,Block-XY QAOA (separate phases),block_xy_separate,2,False,2.9430036712827525e-05,46715,7309748899.625966
2026091107,Block-XY QAOA (separate phases),block_xy_separate,4,False,9.6280822818349e-05,78005,3730688323.9205575
2026091107,Block-XY QAOA (separate phases),block_xy_separate,6,False,0.00033534240866958724,109295,1500629428.3849866
2026091107,Block-XY QAOA (separate phases),block_xy_separate,8,False,0.0005087678338973156,140585,1272050815.6740453
2026091107,Block-XY QAOA (separate phases),block_xy_separate,10,False,0.0004999060687084061,171875,1582787934.551698
2026091107,Block-XY QAOA (separate phases),block_xy_separate,12,False,0.0008960168103065805,203165,1043564215.5413204
2026091107,Block-XY QAOA (separate phases),block_xy_separate,14,False,0.0012946252102648654,234455,833286739.025266
2026091107,Block-XY QAOA (separate phases),block_xy_separate,16,True,0.0015250229233411355,265745,801990425.1132418
2026091107,Block-XY QAOA (separate phases),block_xy_separate,32,False,8.680798452311774e-07,516065,2737727707255.5684
2026091107,Block-XY QAOA (separate phases),block_xy_separate,64,False,6.615488416297476e-07,1016705,7077479006502.617
2026091108,Block-XY QAOA (separate phases),block_xy_separate,0,False,1.3168724279835385e-06,15425,53941980824.999954
2026091108,Block-XY QAOA (separate phases),block_xy_separate,1,False,1.7596512789878128e-05,31070,8131216398.012425
2026091108,Block-XY QAOA (separate phases),block_xy_separate,2,False,2.945191293939334e-05,46715,7304333169.193305
2026091108,Block-XY QAOA (separate phases),block_xy_separate,4,False,9.640880062240998e-05,78005,3725688507.7356257
2026091108,Block-XY QAOA (separate phases),block_xy_separate,6,False,0.00033591223651810323,109295,1498103582.4719977
2026091108,Block-XY QAOA (separate phases),block_xy_separate,8,False,0.0005464621159248133,140585,1184415473.293053
2026091108,Block-XY QAOA (separate phases),block_xy_separate,10,False,0.0009271760724035307,171875,853344105.6477958
2026091108,Block-XY QAOA (separate phases),block_xy_separate,12,False,0.0008488192730708,203165,1101706724.9909976
2026091108,Block-XY QAOA (separate phases),block_xy_separate,14,False,0.0022490084657019933,234455,479694788.1891796
2026091108,Block-XY QAOA (separate phases),block_xy_separate,16,True,0.0018192049386104865,265745,672152794.486102
2026091108,Block-XY QAOA (separate phases),block_xy_separate,32,False,1.1784112873208063e-06,516065,2016754337499.198
2026091108,Block-XY QAOA (separate phases),block_xy_separate,64,False,4.045463603611653e-07,1016705,11573690207867.889
2026091109,Block-XY QAOA (separate phases),block_xy_separate,0,False,1.3168724279835385e-06,15425,53941980824.999954
2026091109,Block-XY QAOA (separate phases),block_xy_separate,1,False,1.759706001801814e-05,31070,8130968694.206194
2026091109,Block-XY QAOA (separate phases),block_xy_separate,2,False,2.945709967534908e-05,46715,7303030127.063659
2026091109,Block-XY QAOA (separate phases),block_xy_separate,4,False,9.669583471257926e-05,78005,3714701485.6222754
2026091109,Block-XY QAOA (separate phases),block_xy_separate,6,False,0.0003238331996322825,109295,1553995636.2439504
2026091109,Block-XY QAOA (separate phases),block_xy_separate,8,False,0.00045558458974171307,140585,1420606285.2613337
2026091109,Block-XY QAOA (separate phases),block_xy_separate,10,False,0.0005293224825618614,171875,1494851128.7719119
2026091109,Block-XY QAOA (separate phases),block_xy_separate,12,False,0.001316209160885213,203165,710414733.8321631
2026091109,Block-XY QAOA (separate phases),block_xy_separate,14,False,0.002906737253587144,234455,371034305.8930548
2026091109,Block-XY QAOA (separate phases),block_xy_separate,16,True,0.002107522970317312,265745,580219823.263116
2026091109,Block-XY QAOA (separate phases),block_xy_separate,32,False,8.24775117316548e-07,516065,2881471768168.286
2026091109,Block-XY QAOA (separate phases),block_xy_separate,64,False,1.047139210129224e-06,1016705,4471322376587.309
2026091110,Block-XY QAOA (separate phases),block_xy_separate,0,False,1.3168724279835385e-06,15425,53941980824.999954
2026091110,Block-XY QAOA (separate phases),block_xy_separate,1,False,1.7592845769445778e-05,31070,8132916567.375511
2026091110,Block-XY QAOA (separate phases),block_xy_separate,2,False,2.9444519414724303e-05,46715,7306132854.115837
2026091110,Block-XY QAOA (separate phases),block_xy_separate,4,False,9.634900085462964e-05,78005,3728097884.5633516
2026091110,Block-XY QAOA (separate phases),block_xy_separate,6,False,0.00033539754735718554,109295,1500329280.9272745
2026091110,Block-XY QAOA (separate phases),block_xy_separate,8,False,0.0005092698921122481,140585,1270860462.9046688
2026091110,Block-XY QAOA (separate phases),block_xy_separate,10,False,0.0005211496140059073,171875,1518361009.446906
2026091110,Block-XY QAOA (separate phases),block_xy_separate,12,False,0.0008855307026820346,203165,1055931118.6083186
2026091110,Block-XY QAOA (separate phases),block_xy_separate,14,False,0.002807897354628351,234455,384082324.8431294
2026091110,Block-XY QAOA (separate phases),block_xy_separate,16,True,0.0017547864404061412,265745,696725128.2041827
2026091110,Block-XY QAOA (separate phases),block_xy_separate,32,False,5.743718355098022e-07,516065,4137678926515.792
2026091110,Block-XY QAOA (separate phases),block_xy_separate,64,False,1.6457260233165953e-06,1016705,2845003479189.017
2026091100,LP-QAOA (three stages),lp_three_stage,0,False,0.0024288383989909683,66385,125743410.41671069
2026091100,LP-QAOA (three stages),lp_three_stage,1,False,0.0040234457758483826,184635,210894595.3823915
2026091100,LP-QAOA (three stages),lp_three_stage,2,False,0.008519602685242447,302885,163209535.21211705
2026091100,LP-QAOA (three stages),lp_three_stage,4,False,0.01974843723750842,539385,124837055.81908122
2026091100,LP-QAOA (three stages),lp_three_stage,6,False,0.0356994479023297,775885,98658396.35785796
2026091100,LP-QAOA (three stages),lp_three_stage,8,False,0.05355163751599768,1012385,85270120.6024139
2026091100,LP-QAOA (three stages),lp_three_stage,10,False,0.06359717414145168,1248885,87750915.59701
2026091100,LP-QAOA (three stages),lp_three_stage,11,True,0.08010337670525185,1367135,75806201.42829247
2026091100,LP-QAOA (three stages),lp_three_stage,12,False,0.08391711797683304,1485385,78763089.49322811
2026091100,LP-QAOA (three stages),lp_three_stage,14,False,0.08787130501824487,1721885,87365204.3204152
2026091100,LP-QAOA (three stages),lp_three_stage,16,False,0.08900278712611896,1958385,97762201.78010324
2026091100,LP-QAOA (three stages),lp_three_stage,24,False,0.09243747998190238,2904385,138637428.68714467
2026091100,LP-QAOA (three stages),lp_three_stage,32,False,0.09684445815422622,3850385,176643091.55742353
2026091100,LP-QAOA (three stages),lp_three_stage,40,False,0.1016750606626976,4796385,208516039.2733285
2026091100,LP-QAOA (three stages),lp_three_stage,48,False,0.10419568087904449,5742385,242535929.8074851
2026091101,LP-QAOA (three stages),lp_three_stage,0,False,0.002428838224507511,66385,125743410.41671069
2026091101,LP-QAOA (three stages),lp_three_stage,1,False,0.0040203613640150465,184635,211058790.9879774
2026091101,LP-QAOA (three stages),lp_three_stage,2,False,0.008505678923977796,302885,163487789.40555114
2026091101,LP-QAOA (three stages),lp_three_stage,4,False,0.019719405932281518,539385,124973713.99391988
2026091101,LP-QAOA (three stages),lp_three_stage,6,False,0.03558186885073116,775885,99050134.23614341
2026091101,LP-QAOA (three stages),lp_three_stage,8,False,0.05318655445822662,1012385,85792141.98777646
2026091101,LP-QAOA (three stages),lp_three_stage,10,False,0.06332889556972308,1248885,88648842.89704575
2026091101,LP-QAOA (three stages),lp_three_stage,11,True,0.07966705140332192,1367135,76527922.43939105
2026091101,LP-QAOA (three stages),lp_three_stage,12,False,0.08339954869194237,1485385,79563063.46263027
2026091101,LP-QAOA (three stages),lp_three_stage,14,False,0.08684874086539579,1721885,88299724.45867181
2026091101,LP-QAOA (three stages),lp_three_stage,16,False,0.08848349422886273,1958385,98788717.31082542
2026091101,LP-QAOA (three stages),lp_three_stage,24,False,0.09217773883434725,2904385,140298702.9902456
2026091101,LP-QAOA (three stages),lp_three_stage,32,False,0.0959073661886302,3850385,176643091.55742353
2026091101,LP-QAOA (three stages),lp_three_stage,40,False,0.10066108797381342,4796385,210957895.69784418
2026091101,LP-QAOA (three stages),lp_three_stage,48,False,0.10267077263398569,5742385,246889162.26747665
2026091103,LP-QAOA (three stages),lp_three_stage,0,False,0.0024288391882144704,66385,125743410.41671069
2026091103,LP-QAOA (three stages),lp_three_stage,1,False,0.00402662212822633,184635,210756738.53590962
2026091103,LP-QAOA (three stages),lp_three_stage,2,False,0.008533842067862498,302885,162930955.4349577
2026091103,LP-QAOA (three stages),lp_three_stage,4,False,0.019781720104092706,539385,124568753.13400318
2026091103,LP-QAOA (three stages),lp_three_stage,6,False,0.035827640749165356,775885,98272161.48571783
2026091103,LP-QAOA (three stages),lp_three_stage,8,False,0.05399031397633453,1012385,84507202.65545945
2026091103,LP-QAOA (three stages),lp_three_stage,10,False,0.06419335216413286,1248885,87382979.12710501
2026091103,LP-QAOA (three stages),lp_three_stage,11,True,0.08047648700533555,1367135,75806201.42829247
2026091103,LP-QAOA (three stages),lp_three_stage,12,False,0.0849931998529237,1485385,77963360.64823598
2026091103,LP-QAOA (three stages),lp_three_stage,14,False,0.08757680903001294,1721885,87354880.51470226
2026091103,LP-QAOA (three stages),lp_three_stage,16,False,0.0893184936155818,1958385,97226498.3215897
2026091103,LP-QAOA (three stages),lp_three_stage,24,False,0.09296035066441204,2904385,138713152.3905803
2026091103,LP-QAOA (three stages),lp_three_stage,32,False,0.09716679945501627,3850385,174575881.39229387
2026091103,LP-QAOA (three stages),lp_three_stage,40,False,0.10276676160801224,4796385,206132920.55856502
2026091103,LP-QAOA (three stages),lp_three_stage,48,False,0.10530797696457092,5742385,241079191.67151406
2026091104,LP-QAOA (three stages),lp_three_stage,0,False,0.002428838888398462,66385,125743410.41671069
2026091104,LP-QAOA (three stages),lp_three_stage,1,False,0.00402067940120769,184635,211091781.81211653
2026091104,LP-QAOA (three stages),lp_three_stage,2,False,0.008505605060134841,302885,163310939.1350387
2026091104,LP-QAOA (three stages),lp_three_stage,4,False,0.019724663896468014,539385,124973713.99391988
2026091104,LP-QAOA (three stages),lp_three_stage,6,False,0.03561176036333526,775885,99050134.23614341
2026091104,LP-QAOA (three stages),lp_three_stage,8,False,0.0533767893645357,1012385,85522775.58015014
2026091104,LP-QAOA (three stages),lp_three_stage,10,False,0.06366545995177257,1248885,88102629.72204848
2026091104,LP-QAOA (three stages),lp_three_stage,11,True,0.07935743965676159,1367135,76820577.5778853
2026091104,LP-QAOA (three stages),lp_three_stage,12,False,0.08370850931014374,1485385,79092160.00415719
2026091104,LP-QAOA (three stages),lp_three_stage,14,False,0.08624264968077686,1721885,88677890.38849838
2026091104,LP-QAOA (three stages),lp_three_stage,16,False,0.0880306662225275,1958385,99197789.07199591
2026091104,LP-QAOA (three stages),lp_three_stage,24,False,0.09205763862579372,2904385,139656586.81207427
2026091104,LP-QAOA (three stages),lp_three_stage,32,False,0.09564515376697409,3850385,178439416.22783875
2026091104,LP-QAOA (three stages),lp_three_stage,40,False,0.1008359232084527,4796385,210931846.68880376
2026091104,LP-QAOA (three stages),lp_three_stage,48,False,0.10282568238670187,5742385,246823890.83751228
2026091105,LP-QAOA (three stages),lp_three_stage,0,False,0.0024288389136390147,66385,125743410.41671069
2026091105,LP-QAOA (three stages),lp_three_stage,1,False,0.004019430089523626,184635,211189833.63363558
2026091105,LP-QAOA (three stages),lp_three_stage,2,False,0.008501856954110303,302885,163487789.40555114
2026091105,LP-QAOA (three stages),lp_three_stage,4,False,0.01971547892825323,539385,124973713.99391988
2026091105,LP-QAOA (three stages),lp_three_stage,6,False,0.035571339172982594,775885,99050134.23614341
2026091105,LP-QAOA (three stages),lp_three_stage,8,False,0.053237838959536585,1012385,85522775.58015014
2026091105,LP-QAOA (three stages),lp_three_stage,10,False,0.06326404877615338,1248885,88467451.72688113
2026091105,LP-QAOA (three stages),lp_three_stage,11,True,0.07935482054572397,1367135,77180402.774179
2026091105,LP-QAOA (three stages),lp_three_stage,12,False,0.08376458354182748,1485385,79092160.00415719
2026091105,LP-QAOA (three stages),lp_three_stage,14,False,0.08640273852684514,1721885,88299724.45867181
2026091105,LP-QAOA (three stages),lp_three_stage,16,False,0.08803483090941938,1958385,98788717.31082542
2026091105,LP-QAOA (three stages),lp_three_stage,24,False,0.09159391207504891,2904385,140298702.9902456
2026091105,LP-QAOA (three stages),lp_three_stage,32,False,0.09549706467127732,3850385,178439416.22783875
2026091105,LP-QAOA (three stages),lp_three_stage,40,False,0.10049594215681537,4796385,210931846.68880376
2026091105,LP-QAOA (three stages),lp_three_stage,48,False,0.10218555664151875,5742385,248280142.1587917
2026091106,LP-QAOA (three stages),lp_three_stage,0,False,0.0024288386577782576,66385,125743410.41671069
2026091106,LP-QAOA (three stages),lp_three_stage,1,False,0.0040232150622956375,184635,210894595.3823915
2026091106,LP-QAOA (three stages),lp_three_stage,2,False,0.008518148103644702,302885,163209535.21211705
2026091106,LP-QAOA (three stages),lp_three_stage,4,False,0.019745459494266596,539385,124837055.81908122
2026091106,LP-QAOA (three stages),lp_three_stage,6,False,0.035694186783064505,775885,98658396.35785796
2026091106,LP-QAOA (three stages),lp_three_stage,8,False,0.0536023241789629,1012385,85270120.6024139
2026091106,LP-QAOA (three stages),lp_three_stage,10,False,0.06362327390437392,1248885,87750915.59701
2026091106,LP-QAOA (three stages),lp_three_stage,11,True,0.080007849271588,1367135,75806201.42829247
2026091106,LP-QAOA (three stages),lp_three_stage,12,False,0.0845196970682966,1485385,77963360.64823598
2026091106,LP-QAOA (three stages),lp_three_stage,14,False,0.0877484870920041,1721885,87365204.3204152
2026091106,LP-QAOA (three stages),lp_three_stage,16,False,0.08885932048260775,1958385,97762201.78010324
2026091106,LP-QAOA (three stages),lp_three_stage,24,False,0.0925687889232722,2904385,138713152.3905803
2026091106,LP-QAOA (three stages),lp_three_stage,32,False,0.09656038244533079,3850385,176643091.55742353
2026091106,LP-QAOA (three stages),lp_three_stage,40,False,0.1018006175959299,4796385,208516039.2733285
2026091106,LP-QAOA (three stages),lp_three_stage,48,False,0.10417361158172841,5742385,242535929.8074851
2026091107,LP-QAOA (three stages),lp_three_stage,0,False,0.002428838888398462,66385,125743410.41671069
2026091107,LP-QAOA (three stages),lp_three_stage,1,False,0.004017630103398124,184635,211255880.59522572
2026091107,LP-QAOA (three stages),lp_three_stage,2,False,0.008492519220676153,302885,163558811.6942313
2026091107,LP-QAOA (three stages),lp_three_stage,4,False,0.019693791121388436,539385,125122936.60476348
2026091107,LP-QAOA (three stages),lp_three_stage,6,False,0.0354890447428931,775885,99246080.06857455
2026091107,LP-QAOA (three stages),lp_three_stage,8,False,0.05295901295033584,1012385,86285607.33522299
2026091107,LP-QAOA (three stages),lp_three_stage,10,False,0.06291261953873356,1248885,89015926.70253257
2026091107,LP-QAOA (three stages),lp_three_stage,11,True,0.07909033355893386,1367135,77180402.774179
2026091107,LP-QAOA (three stages),lp_three_stage,12,False,0.08273836773055067,1485385,79887155.96895504
2026091107,LP-QAOA (three stages),lp_three_stage,14,False,0.08619515131121275,1721885,88299724.45867181
2026091107,LP-QAOA (three stages),lp_three_stage,16,False,0.08770503630003038,1958385,98788717.31082542
2026091107,LP-QAOA (three stages),lp_three_stage,24,False,0.09159338422986149,2904385,140298702.9902456
2026091107,LP-QAOA (three stages),lp_three_stage,32,False,0.09504785669753206,3850385,180503465.50067014
2026091107,LP-QAOA (three stages),lp_three_stage,40,False,0.09962542053941165,4796385,212120242.13916385
2026091107,LP-QAOA (three stages),lp_three_stage,48,False,0.10182047328666283,5742385,248280142.1587917
2026091108,LP-QAOA (three stages),lp_three_stage,0,False,0.0024288389136390147,66385,125743410.41671069
2026091108,LP-QAOA (three stages),lp_three_stage,1,False,0.004020440208397069,184635,211091781.81211653
2026091108,LP-QAOA (three stages),lp_three_stage,2,False,0.008508116381507723,302885,163280710.36203948
2026091108,LP-QAOA (three stages),lp_three_stage,4,False,0.019727125041666096,539385,124973713.99391988
2026091108,LP-QAOA (three stages),lp_three_stage,6,False,0.03561427762404276,775885,99050134.23614341
2026091108,LP-QAOA (three stages),lp_three_stage,8,False,0.05331621291008092,1012385,85522775.58015014
2026091108,LP-QAOA (three stages),lp_three_stage,10,False,0.06348846302544382,1248885,88343678.84101911
2026091108,LP-QAOA (three stages),lp_three_stage,11,True,0.07953626840231964,1367135,76820577.5778853
2026091108,LP-QAOA (three stages),lp_three_stage,12,False,0.08408346564433056,1485385,78771292.70007706
2026091108,LP-QAOA (three stages),lp_three_stage,14,False,0.08648140902119233,1721885,88677890.38849838
2026091108,LP-QAOA (three stages),lp_three_stage,16,False,0.0883627076319242,1958385,98300856.88452008
2026091108,LP-QAOA (three stages),lp_three_stage,24,False,0.09222484442637155,2904385,139656586.81207427
2026091108,LP-QAOA (three stages),lp_three_stage,32,False,0.09609738771429988,3850385,177575277.43888882
2026091108,LP-QAOA (three stages),lp_three_stage,40,False,0.10109093693616947,4796385,210931846.68880376
2026091108,LP-QAOA (three stages),lp_three_stage,48,False,0.10335457509648527,5742385,245376180.94806987
2026091109,LP-QAOA (three stages),lp_three_stage,0,False,0.002428838830760711,66385,125743410.41671069
2026091109,LP-QAOA (three stages),lp_three_stage,1,False,0.004026865750758787,184635,210730256.56786373
2026091109,LP-QAOA (three stages),lp_three_stage,2,False,0.008532365883290184,302885,162961074.847546
2026091109,LP-QAOA (three stages),lp_three_stage,4,False,0.01978066435014067,539385,124568753.13400318
2026091109,LP-QAOA (three stages),lp_three_stage,6,False,0.03582710541557064,775885,98272161.48571783
2026091109,LP-QAOA (three stages),lp_three_stage,8,False,0.054029254397939715,1012385,84507202.65545945
2026091109,LP-QAOA (three stages),lp_three_stage,10,False,0.06394989421951824,1248885,87859198.27921377
2026091109,LP-QAOA (three stages),lp_three_stage,11,True,0.08039979103196539,1367135,76096096.58904597
2026091109,LP-QAOA (three stages),lp_three_stage,12,False,0.08482467575689617,1485385,78280936.91860993
2026091109,LP-QAOA (three stages),lp_three_stage,14,False,0.08742125675919013,1721885,87354880.51470226
2026091109,LP-QAOA (three stages),lp_three_stage,16,False,0.08928523958056979,1958385,97226498.3215897
2026091109,LP-QAOA (three stages),lp_three_stage,24,False,0.09317750368535961,2904385,138078292.92732975
2026091109,LP-QAOA (three stages),lp_three_stage,32,False,0.09689299745347284,3850385,174575881.39229387
2026091109,LP-QAOA (three stages),lp_three_stage,40,False,0.10254260547121608,4796385,206132920.55856502
2026091109,LP-QAOA (three stages),lp_three_stage,48,False,0.10511566897618767,5742385,241079191.67151406
2026091110,LP-QAOA (three stages),lp_three_stage,0,False,0.0024288391882144704,66385,125743410.41671069
2026091110,LP-QAOA (three stages),lp_three_stage,1,False,0.004025651427923539,184635,210901049.82711455
2026091110,LP-QAOA (three stages),lp_three_stage,2,False,0.008528855920704945,302885,162930955.4349577
2026091110,LP-QAOA (three stages),lp_three_stage,4,False,0.019767141958901203,539385,124568753.13400318
2026091110,LP-QAOA (three stages),lp_three_stage,6,False,0.03577136029611789,775885,98468118.91229714
2026091110,LP-QAOA (three stages),lp_three_stage,8,False,0.053765405318963976,1012385,84998988.01111552
2026091110,LP-QAOA (three stages),lp_three_stage,10,False,0.06383995100348909,1248885,87750915.59701
2026091110,LP-QAOA (three stages),lp_three_stage,11,True,0.08033971655004547,1367135,75806201.42829247
2026091110,LP-QAOA (three stages),lp_three_stage,12,False,0.08494632540026435,1485385,77963360.64823598
2026091110,LP-QAOA (three stages),lp_three_stage,14,False,0.08754835773309576,1721885,87354880.51470226
2026091110,LP-QAOA (three stages),lp_three_stage,16,False,0.08924675441067331,1958385,97226498.3215897
2026091110,LP-QAOA (three stages),lp_three_stage,24,False,0.09313879619449549,2904385,138713152.3905803
2026091110,LP-QAOA (three stages),lp_three_stage,32,False,0.09753890370431821,3850385,174575881.39229387
2026091110,LP-QAOA (three stages),lp_three_stage,40,False,0.1027222188131013,4796385,206132920.55856502
2026091110,LP-QAOA (three stages),lp_three_stage,48,False,0.105044350511587,5742385,241079191.67151406
2026091100,"LP-QAOA (two stages, combined phase)",lp_two_stage_combined,0,False,0.00013827849272259152,16685,555635415.9082197
2026091100,"LP-QAOA (two stages, combined phase)",lp_two_stage_combined,1,False,0.0003576694125845386,35595,458223191.0387862
2026091100,"LP-QAOA (two stages, combined phase)",lp_two_stage_combined,2,False,0.0005057007850029965,54505,496238565.95505935
2026091100,"LP-QAOA (two stages, combined phase)",lp_two_stage_combined,4,False,0.0012903234335087345,92325,329310606.06435937
2026091100,"LP-QAOA (two stages, combined phase)",lp_two_stage_combined,6,False,0.0017318491534817826,130145,345813908.5501515
2026091100,"LP-QAOA (two stages, combined phase)",lp_two_stage_combined,8,False,0.0023148604876066683,167965,333804329.6388337
2026091100,"LP-QAOA (two stages, combined phase)",lp_two_stage_combined,10,False,0.0033477840537690013,205785,282598229.49465275
2026091100,"LP-QAOA (two stages, combined phase)",lp_two_stage_combined,12,True,0.004243495873829989,243605,263886282.93799347
2026091100,"LP-QAOA (two stages, combined phase)",lp_two_stage_combined,14,False,0.004507578641622436,281425,286981739.9762104
2026091100,"LP-QAOA (two stages, combined phase)",lp_two_stage_combined,16,False,0.004372912381732286,319245,335382735.066567
2026091100,"LP-QAOA (two stages, combined phase)",lp_two_stage_combined,24,False,0.005833192336037483,470525,370148741.61945784
2026091100,"LP-QAOA (two stages, combined phase)",lp_two_stage_combined,32,False,0.007706515095563463,621805,369533439.9201398
2026091100,"LP-QAOA (two stages, combined phase)",lp_two_stage_combined,40,False,0.007901171670082734,773085,448254178.870823
2026091100,"LP-QAOA (two stages, combined phase)",lp_two_stage_combined,48,False,0.008113416882009731,924365,520791321.46242285
2026091101,"LP-QAOA (two stages, combined phase)",lp_two_stage_combined,0,False,0.00013827848298462856,16685,555635415.9082197
2026091101,"LP-QAOA (two stages, combined phase)",lp_two_stage_combined,1,False,0.0003575741854910356,35595,458353059.6822269
2026091101,"LP-QAOA (two stages, combined phase)",lp_two_stage_combined,2,False,0.0005058527483683552,54505,496061347.21977717
2026091101,"LP-QAOA (two stages, combined phase)",lp_two_stage_combined,4,False,0.0012916777136670783,92325,328956780.30197275
2026091101,"LP-QAOA (two stages, combined phase)",lp_two_stage_combined,6,False,0.001733835590783568,130145,345405946.23875123
2026091101,"LP-QAOA (two stages, combined phase)",lp_two_stage_combined,8,False,0.002346147801985994,167965,329321499.0726853
2026091101,"LP-QAOA (two stages, combined phase)",lp_two_stage_combined,10,False,0.00335892698760597,205785,281732820.8214481
2026091101,"LP-QAOA (two stages, combined phase)",lp_two_stage_combined,12,True,0.00425807569143491,243605,262909616.21069458
2026091101,"LP-QAOA (two stages, combined phase)",lp_two_stage_combined,14,False,0.004133832202172029,281425,312714807.94934005
2026091101,"LP-QAOA (two stages, combined phase)",lp_two_stage_combined,16,False,0.00444233741654542,319245,330110622.76351815
2026091101,"LP-QAOA (two stages, combined phase)",lp_two_stage_combined,24,False,0.005793343044048119,470525,372549873.68801695
2026091101,"LP-QAOA (two stages, combined phase)",lp_two_stage_combined,32,False,0.008515156504506198,621805,334487631.5619848
2026091101,"LP-QAOA (two stages, combined phase)",lp_two_stage_combined,40,False,0.008466834043946039,773085,418648657.68433195
2026091101,"LP-QAOA (two stages, combined phase)",lp_two_stage_combined,48,False,0.008511001427249037,924365,497120526.6020169
2026091103,"LP-QAOA (two stages, combined phase)",lp_two_stage_combined,0,False,0.0001382785338942064,16685,555635415.9082197
2026091103,"LP-QAOA (two stages, combined phase)",lp_two_stage_combined,1,False,0.00035788474540068556,35595,457959031.0334887
2026091103,"LP-QAOA (two stages, combined phase)",lp_two_stage_combined,2,False,0.0005065701452867871,54505,495373625.0108805
2026091103,"LP-QAOA (two stages, combined phase)",lp_two_stage_combined,4,False,0.0012898709022511582,92325,329433282.11176646
2026091103,"LP-QAOA (two stages, combined phase)",lp_two_stage_combined,6,False,0.001731754706811409,130145,345832932.92909336
2026091103,"LP-QAOA (two stages, combined phase)",lp_two_stage_combined,8,False,0.002337669007243521,167965,330490882.67979807
2026091103,"LP-QAOA (two stages, combined phase)",lp_two_stage_combined,10,False,0.0033152452101758434,205785,285433464.003785
2026091103,"LP-QAOA (two stages, combined phase)",lp_two_stage_combined,12,True,0.004237815604165258,243605,264213395.00224084
2026091103,"LP-QAOA (two stages, combined phase)",lp_two_stage_combined,14,False,0.004858262473616865,281425,266146556.5495814
2026091103,"LP-QAOA (two stages, combined phase)",lp_two_stage_combined,16,False,0.004369103644098301,319245,335650433.27185845
2026091103,"LP-QAOA (two stages, combined phase)",lp_two_stage_combined,24,False,0.0058257813609860565,470525,370465299.46987593
2026091103,"LP-QAOA (two stages, combined phase)",lp_two_stage_combined,32,False,0.008116513647436197,621805,351079984.3570284
2026091103,"LP-QAOA (two stages, combined phase)",lp_two_stage_combined,40,False,0.008704119717985334,773085,406659971.3572384
2026091103,"LP-QAOA (two stages, combined phase)",lp_two_stage_combined,48,False,0.010643405020197089,924365,397087230.15309745
2026091104,"LP-QAOA (two stages, combined phase)",lp_two_stage_combined,0,False,0.00013827851947083647,16685,555635415.9082197
2026091104,"LP-QAOA (two stages, combined phase)",lp_two_stage_combined,1,False,0.00035771319570167834,35595,458163551.23317796
2026091104,"LP-QAOA (two stages, combined phase)",lp_two_stage_combined,2,False,0.0005063196416504424,54505,495634288.7533812
2026091104,"LP-QAOA (two stages, combined phase)",lp_two_stage_combined,4,False,0.0012912155866945945,92325,329124971.79005307
2026091104,"LP-QAOA (two stages, combined phase)",lp_two_stage_combined,6,False,0.0017341813532641217,130145,345264805.3013548
2026091104,"LP-QAOA (two stages, combined phase)",lp_two_stage_combined,8,False,0.0023443722500713833,167965,329553949.75634795
2026091104,"LP-QAOA (two stages, combined phase)",lp_two_stage_combined,10,False,0.0034333744397063858,205785,275581825.3676088
2026091104,"LP-QAOA (two stages, combined phase)",lp_two_stage_combined,12,True,0.004252634437483328,243605,263327278.55924663
2026091104,"LP-QAOA (two stages, combined phase)",lp_two_stage_combined,14,False,0.0048736926818644475,281425,265466018.1281012
2026091104,"LP-QAOA (two stages, combined phase)",lp_two_stage_combined,16,False,0.004379221436238413,319245,334851152.0666906
2026091104,"LP-QAOA (two stages, combined phase)",lp_two_stage_combined,24,False,0.0057988569630514466,470525,372180924.0327131
2026091104,"LP-QAOA (two stages, combined phase)",lp_two_stage_combined,32,False,0.008571778401229094,621805,332054761.4529673
2026091104,"LP-QAOA (two stages, combined phase)",lp_two_stage_combined,40,False,0.008664253966080563,773085,408788202.2364361
2026091104,"LP-QAOA (two stages, combined phase)",lp_two_stage_combined,48,False,0.011851472834653211,924365,356005291.23858416
2026091105,"LP-QAOA (two stages, combined phase)",lp_two_stage_combined,0,False,0.00013827852025099832,16685,555635415.9082197
2026091105,"LP-QAOA (two stages, combined phase)",lp_two_stage_combined,1,False,0.0003576898195489607,35595,458191811.83554214
2026091105,"LP-QAOA (two stages, combined phase)",lp_two_stage_combined,2,False,0.0005055778078835814,54505,496348700.01007557
2026091105,"LP-QAOA (two stages, combined phase)",lp_two_stage_combined,4,False,0.0012913567558241828,92325,329074101.0790239
2026091105,"LP-QAOA (two stages, combined phase)",lp_two_stage_combined,6,False,0.0017342452343059608,130145,345335500.97894233
2026091105,"LP-QAOA (two stages, combined phase)",lp_two_stage_combined,8,False,0.0023454612169811055,167965,329375545.0342762
2026091105,"LP-QAOA (two stages, combined phase)",lp_two_stage_combined,10,False,0.003356737069203699,205785,281861836.4548557
2026091105,"LP-QAOA (two stages, combined phase)",lp_two_stage_combined,12,True,0.004254618918532557,243605,263152065.68790692
2026091105,"LP-QAOA (two stages, combined phase)",lp_two_stage_combined,14,False,0.004133304412336615,281425,312963487.79331666
2026091105,"LP-QAOA (two stages, combined phase)",lp_two_stage_combined,16,False,0.0043812158027,319245,334842286.6513847
2026091105,"LP-QAOA (two stages, combined phase)",lp_two_stage_combined,24,False,0.005775230802927288,470525,373656806.944692
2026091105,"LP-QAOA (two stages, combined phase)",lp_two_stage_combined,32,False,0.008578980380699111,621805,332041964.2836826
2026091105,"LP-QAOA (two stages, combined phase)",lp_two_stage_combined,40,False,0.008790931672717448,773085,403004077.84751886
2026091105,"LP-QAOA (two stages, combined phase)",lp_two_stage_combined,48,False,0.008071394452267735,924365,524197439.00350493
2026091106,"LP-QAOA (two stages, combined phase)",lp_two_stage_combined,0,False,0.00013827849532856154,16685,555635415.9082197
2026091106,"LP-QAOA (two stages, combined phase)",lp_two_stage_combined,1,False,0.0003577743140470456,35595,458103365.1399676
2026091106,"LP-QAOA (two stages, combined phase)",lp_two_stage_combined,2,False,0.0005060361691500215,54505,495901864.02045053
2026091106,"LP-QAOA (two stages, combined phase)",lp_two_stage_combined,4,False,0.0012902434217564127,92325,329327216.52094924
2026091106,"LP-QAOA (two stages, combined phase)",lp_two_stage_combined,6,False,0.0017321361706342298,130145,345690144.00406814
2026091106,"LP-QAOA (two stages, combined phase)",lp_two_stage_combined,8,False,0.0023147967376787337,167965,333792085.5996302
2026091106,"LP-QAOA (two stages, combined phase)",lp_two_stage_combined,10,False,0.003347395563677233,205785,282582319.67167616
2026091106,"LP-QAOA (two stages, combined phase)",lp_two_stage_combined,12,True,0.004242952897138411,243605,263851608.96274433
2026091106,"LP-QAOA (two stages, combined phase)",lp_two_stage_combined,14,False,0.004505904673758932,281425,287044342.79541725
2026091106,"LP-QAOA (two stages, combined phase)",lp_two_stage_combined,16,False,0.004371103540354871,319245,335602237.32475597
2026091106,"LP-QAOA (two stages, combined phase)",lp_two_stage_combined,24,False,0.005807666835879919,470525,371779018.0324317
2026091106,"LP-QAOA (two stages, combined phase)",lp_two_stage_combined,32,False,0.007700690791801045,621805,369781691.88804805
2026091106,"LP-QAOA (two stages, combined phase)",lp_two_stage_combined,40,False,0.007899048831625692,773085,448517096.0972156
2026091106,"LP-QAOA (two stages, combined phase)",lp_two_stage_combined,48,False,0.007703329106847542,924365,549872656.4022919
2026091107,"LP-QAOA (two stages, combined phase)",lp_two_stage_combined,0,False,0.00013827851947083647,16685,555635415.9082197
2026091107,"LP-QAOA (two stages, combined phase)",lp_two_stage_combined,1,False,0.0003575597135878205,35595,458373488.4336195
2026091107,"LP-QAOA (two stages, combined phase)",lp_two_stage_combined,2,False,0.0005053011252974908,54505,496623487.12674546
2026091107,"LP-QAOA (two stages, combined phase)",lp_two_stage_combined,4,False,0.0012920208056133068,92325,328898005.1562563
2026091107,"LP-QAOA (two stages, combined phase)",lp_two_stage_combined,6,False,0.0017349875793487583,130145,345195700.3823841
2026091107,"LP-QAOA (two stages, combined phase)",lp_two_stage_combined,8,False,0.002322768457440409,167965,332670882.64842623
2026091107,"LP-QAOA (two stages, combined phase)",lp_two_stage_combined,10,False,0.003362076272282305,205785,281394904.9587057
2026091107,"LP-QAOA (two stages, combined phase)",lp_two_stage_combined,12,True,0.004261613389709907,243605,262711374.2650313
2026091107,"LP-QAOA (two stages, combined phase)",lp_two_stage_combined,14,False,0.004883820024866543,281425,264775116.29210892
2026091107,"LP-QAOA (two stages, combined phase)",lp_two_stage_combined,16,False,0.0043884696589758,319245,334310873.634856
2026091107,"LP-QAOA (two stages, combined phase)",lp_two_stage_combined,24,False,0.005778097135024337,470525,373363732.68129224
2026091107,"LP-QAOA (two stages, combined phase)",lp_two_stage_combined,32,False,0.007681333459723879,621805,370820622.1511988
2026091107,"LP-QAOA (two stages, combined phase)",lp_two_stage_combined,40,False,0.008618568556095179,773085,411177430.85669595
2026091107,"LP-QAOA (two stages, combined phase)",lp_two_stage_combined,48,False,0.010830793718735405,924365,390081351.4794215
2026091108,"LP-QAOA (two stages, combined phase)",lp_two_stage_combined,0,False,0.00013827852025099832,16685,555635415.9082197
2026091108,"LP-QAOA (two stages, combined phase)",lp_two_stage_combined,1,False,0.00035762974780001423,35595,458267730.08884174
2026091108,"LP-QAOA (two stages, combined phase)",lp_two_stage_combined,2,False,0.0005061463942264158,54505,495805974.55968815
2026091108,"LP-QAOA (two stages, combined phase)",lp_two_stage_combined,4,False,0.0012915942976249252,92325,329004683.95155644
2026091108,"LP-QAOA (two stages, combined phase)",lp_two_stage_combined,6,False,0.001734443880856349,130145,345247106.94005084
2026091108,"LP-QAOA (two stages, combined phase)",lp_two_stage_combined,8,False,0.002345468917359456,167965,329421968.2338676
2026091108,"LP-QAOA (two stages, combined phase)",lp_two_stage_combined,10,False,0.0034750287548278623,205785,272242128.2608318
2026091108,"LP-QAOA (two stages, combined phase)",lp_two_stage_combined,12,True,0.004255916582150345,243605,263084854.33784562
2026091108,"LP-QAOA (two stages, combined phase)",lp_two_stage_combined,14,False,0.0052745349777588895,281425,245105109.31174773
2026091108,"LP-QAOA (two stages, combined phase)",lp_two_stage_combined,16,False,0.00437991437064608,319245,334949174.4033607
2026091108,"LP-QAOA (two stages, combined phase)",lp_two_stage_combined,24,False,0.006074725675302865,470525,355247627.55476457
2026091108,"LP-QAOA (two stages, combined phase)",lp_two_stage_combined,32,False,0.008455369083891433,621805,337119794.0326984
2026091108,"LP-QAOA (two stages, combined phase)",lp_two_stage_combined,40,False,0.00868653497270759,773085,407232229.119186
2026091108,"LP-QAOA (two stages, combined phase)",lp_two_stage_combined,48,False,0.011127663807768803,924365,379865296.2265179
2026091109,"LP-QAOA (two stages, combined phase)",lp_two_stage_combined,0,False,0.00013827853108458585,16685,555635415.9082197
2026091109,"LP-QAOA (two stages, combined phase)",lp_two_stage_combined,1,False,0.0003579067014332489,35595,457924743.52240855
2026091109,"LP-QAOA (two stages, combined phase)",lp_two_stage_combined,2,False,0.0005070573606477329,54505,494898716.70347786
2026091109,"LP-QAOA (two stages, combined phase)",lp_two_stage_combined,4,False,0.0012896165413290846,92325,329495684.5002335
2026091109,"LP-QAOA (two stages, combined phase)",lp_two_stage_combined,6,False,0.0017319332611248073,130145,345742420.2222096
2026091109,"LP-QAOA (two stages, combined phase)",lp_two_stage_combined,8,False,0.0023204894718286454,167965,332965809.67263305
2026091109,"LP-QAOA (two stages, combined phase)",lp_two_stage_combined,10,False,0.0034031650482493924,205785,278016473.64218926
2026091109,"LP-QAOA (two stages, combined phase)",lp_two_stage_combined,12,True,0.004234925771307743,243605,264350970.36517906
2026091109,"LP-QAOA (two stages, combined phase)",lp_two_stage_combined,14,False,0.005059393692299728,281425,255521783.1036447
2026091109,"LP-QAOA (two stages, combined phase)",lp_two_stage_combined,16,False,0.0037765455779988186,319245,388355912.6328208
2026091109,"LP-QAOA (two stages, combined phase)",lp_two_stage_combined,24,False,0.006381600148553585,470525,338098814.65583545
2026091109,"LP-QAOA (two stages, combined phase)",lp_two_stage_combined,32,False,0.008155484143061846,621805,349300795.2776072
2026091109,"LP-QAOA (two stages, combined phase)",lp_two_stage_combined,40,False,0.008832864529478858,773085,400548484.2866384
2026091109,"LP-QAOA (two stages, combined phase)",lp_two_stage_combined,48,False,0.008886486851683119,924365,476500069.32980686
2026091110,"LP-QAOA (two stages, combined phase)",lp_two_stage_combined,0,False,0.0001382785338942064,16685,555635415.9082197
2026091110,"LP-QAOA (two stages, combined phase)",lp_two_stage_combined,1,False,0.0003577483626485347,35595,458129433.88133097
2026091110,"LP-QAOA (two stages, combined phase)",lp_two_stage_combined,2,False,0.0005063660761736759,54505,495570513.3715212
2026091110,"LP-QAOA (two stages, combined phase)",lp_two_stage_combined,4,False,0.0012901767425070353,92325,329368293.40050435
2026091110,"LP-QAOA (two stages, combined phase)",lp_two_stage_combined,6,False,0.0017317693550385962,130145,345815385.52903575
2026091110,"LP-QAOA (two stages, combined phase)",lp_two_stage_combined,8,False,0.0023133296557953983,167965,333980837.3984487
2026091110,"LP-QAOA (two stages, combined phase)",lp_two_stage_combined,10,False,0.003347190676261631,205785,282741297.1295889
2026091110,"LP-QAOA (two stages, combined phase)",lp_two_stage_combined,12,True,0.004241120943808667,243605,263909485.44593284
2026091110,"LP-QAOA (two stages, combined phase)",lp_two_stage_combined,14,False,0.004643015237548275,281425,278441131.0271357
2026091110,"LP-QAOA (two stages, combined phase)",lp_two_stage_combined,16,False,0.0043668332770078425,319245,336038885.8189442
2026091110,"LP-QAOA (two stages, combined phase)",lp_two_stage_combined,24,False,0.00582469898688676,470525,370437862.676541
2026091110,"LP-QAOA (two stages, combined phase)",lp_two_stage_combined,32,False,0.00765876021948835,621805,372228886.4622834
2026091110,"LP-QAOA (two stages, combined phase)",lp_two_stage_combined,40,False,0.009586678976569002,773085,368919503.7607945
2026091110,"LP-QAOA (two stages, combined phase)",lp_two_stage_combined,48,False,0.010745940537062376,924365,393040808.38671535
2026091100,"LP-QAOA (two stages, separate phases)",lp_two_stage_separate,0,False,0.00013827849272259152,16685,555635415.9082197
2026091100,"LP-QAOA (two stages, separate phases)",lp_two_stage_separate,1,False,0.0003777516836644045,35655,434600128.7581623
2026091100,"LP-QAOA (two stages, separate phases)",lp_two_stage_separate,2,False,0.0009171004971454225,54625,274205350.1650526
2026091100,"LP-QAOA (two stages, separate phases)",lp_two_stage_separate,4,False,0.0015125802656770478,92565,281645890.88801736
2026091100,"LP-QAOA (two stages, separate phases)",lp_two_stage_separate,6,False,0.0033550998805647425,130505,178871734.94241855
2026091100,"LP-QAOA (two stages, separate phases)",lp_two_stage_separate,8,False,0.005720881764262947,168445,135314732.90628803
2026091100,"LP-QAOA (two stages, separate phases)",lp_two_stage_separate,10,False,0.007091872195421683,206385,133633606.48874593
2026091100,"LP-QAOA (two stages, separate phases)",lp_two_stage_separate,12,False,0.006509942359798906,244325,172382867.8324949
2026091100,"LP-QAOA (two stages, separate phases)",lp_two_stage_separate,14,False,0.009700497881186782,282265,133520836.99918142
2026091100,"LP-QAOA (two stages, separate phases)",lp_two_stage_separate,16,False,0.012059234438785942,320205,121678072.02987646
2026091100,"LP-QAOA (two stages, separate phases)",lp_two_stage_separate,24,False,0.01787320299146307,471965,120874705.77774312
2026091100,"LP-QAOA (two stages, separate phases)",lp_two_stage_separate,32,False,0.02604140091420921,623725,109180746.28025548
2026091100,"LP-QAOA (two stages, separate phases)",lp_two_stage_separate,40,True,0.034840259824262323,775485,100985325.3924794
2026091100,"LP-QAOA (two stages, separate phases)",lp_two_stage_separate,48,False,0.03486179949776719,927245,120820566.2802815
2026091101,"LP-QAOA (two stages, separate phases)",lp_two_stage_separate,0,False,0.00013827848298462856,16685,555635415.9082197
2026091101,"LP-QAOA (two stages, separate phases)",lp_two_stage_separate,1,False,0.0003778801137809169,35655,434439897.19874334
2026091101,"LP-QAOA (two stages, separate phases)",lp_two_stage_separate,2,False,0.0009167988406484235,54625,274287219.6612582
2026091101,"LP-QAOA (two stages, separate phases)",lp_two_stage_separate,4,False,0.0015121459396883188,92565,281713915.129054
2026091101,"LP-QAOA (two stages, separate phases)",lp_two_stage_separate,6,False,0.0033537614761072706,130505,178971743.53094083
2026091101,"LP-QAOA (two stages, separate phases)",lp_two_stage_separate,8,False,0.0057159020536314475,168445,135445266.05298504
2026091101,"LP-QAOA (two stages, separate phases)",lp_two_stage_separate,10,False,0.007204255782348383,206385,131575931.1712679
2026091101,"LP-QAOA (two stages, separate phases)",lp_two_stage_separate,12,False,0.006649038443551898,244325,168764053.91609994
2026091101,"LP-QAOA (two stages, separate phases)",lp_two_stage_separate,14,False,0.009693842663669293,282265,133594789.30501616
2026091101,"LP-QAOA (two stages, separate phases)",lp_two_stage_separate,16,False,0.011529151342149265,320205,127330862.67389244
2026091101,"LP-QAOA (two stages, separate phases)",lp_two_stage_separate,24,False,0.01697526600918143,471965,127188332.98254496
2026091101,"LP-QAOA (two stages, separate phases)",lp_two_stage_separate,32,False,0.026550594591301394,623725,106863190.56560689
2026091101,"LP-QAOA (two stages, separate phases)",lp_two_stage_separate,40,True,0.03290534941222085,775485,107023048.20301571
2026091101,"LP-QAOA (two stages, separate phases)",lp_two_stage_separate,48,False,0.038180998831076104,927245,110067007.9369854
2026091103,"LP-QAOA (two stages, separate phases)",lp_two_stage_separate,0,False,0.0001382785338942064,16685,555635415.9082197
2026091103,"LP-QAOA (two stages, separate phases)",lp_two_stage_separate,1,False,0.0003778029884501,35655,434538493.3418673
2026091103,"LP-QAOA (two stages, separate phases)",lp_two_stage_separate,2,False,0.0009175357104484991,54625,274066297.6307284
2026091103,"LP-QAOA (two stages, separate phases)",lp_two_stage_separate,4,False,0.0015133689093892106,92565,281476019.8643793
2026091103,"LP-QAOA (two stages, separate phases)",lp_two_stage_separate,6,False,0.0033575944816952846,130505,178774295.03922257
2026091103,"LP-QAOA (two stages, separate phases)",lp_two_stage_separate,8,False,0.005729707192433879,168445,135054074.06161645
2026091103,"LP-QAOA (two stages, separate phases)",lp_two_stage_separate,10,False,0.007100200733568591,206385,133422693.50548445
2026091103,"LP-QAOA (two stages, separate phases)",lp_two_stage_separate,12,False,0.006667037271164424,244325,168297066.3068938
2026091103,"LP-QAOA (two stages, separate phases)",lp_two_stage_separate,14,False,0.009871350794278963,282265,131205413.57433327
2026091103,"LP-QAOA (two stages, separate phases)",lp_two_stage_separate,16,False,0.011429748974902511,320205,128382584.68609937
2026091103,"LP-QAOA (two stages, separate phases)",lp_two_stage_separate,24,False,0.017057802388971838,471965,126406775.1252686
2026091103,"LP-QAOA (two stages, separate phases)",lp_two_stage_separate,32,False,0.027243250066988106,623725,104300363.39981799
2026091103,"LP-QAOA (two stages, separate phases)",lp_two_stage_separate,40,True,0.03339087979374203,775485,105465294.0144534
2026091103,"LP-QAOA (two stages, separate phases)",lp_two_stage_separate,48,False,0.038869529815675964,927245,107912919.91431293
2026091104,"LP-QAOA (two stages, separate phases)",lp_two_stage_separate,0,False,0.00013827851947083647,16685,555635415.9082197
2026091104,"LP-QAOA (two stages, separate phases)",lp_two_stage_separate,1,False,0.00037781778849714607,35655,434521394.2679226
2026091104,"LP-QAOA (two stages, separate phases)",lp_two_stage_separate,2,False,0.0009169364463483251,54625,274235822.03328854
2026091104,"LP-QAOA (two stages, separate phases)",lp_two_stage_separate,4,False,0.0015123755358698835,92565,281701461.5520165
2026091104,"LP-QAOA (two stages, separate phases)",lp_two_stage_separate,6,False,0.003356085813832608,130505,178841938.03012007
2026091104,"LP-QAOA (two stages, separate phases)",lp_two_stage_separate,8,False,0.005718033035311314,168445,135364539.49455154
2026091104,"LP-QAOA (two stages, separate phases)",lp_two_stage_separate,10,False,0.006485226767132926,206385,146229006.69092092
2026091104,"LP-QAOA (two stages, separate phases)",lp_two_stage_separate,12,False,0.0066832478215559646,244325,167945944.83126122
2026091104,"LP-QAOA (two stages, separate phases)",lp_two_stage_separate,14,False,0.009691809296776805,282265,133594789.30501616
2026091104,"LP-QAOA (two stages, separate phases)",lp_two_stage_separate,16,False,0.011626077436774948,320205,126243598.70646557
2026091104,"LP-QAOA (two stages, separate phases)",lp_two_stage_separate,24,False,0.017988188377691616,471965,119949233.4905581
2026091104,"LP-QAOA (two stages, separate phases)",lp_two_stage_separate,32,False,0.026349246009849808,623725,107941766.0774744
2026091104,"LP-QAOA (two stages, separate phases)",lp_two_stage_separate,40,True,0.034965181690004316,775485,100637912.70515017
2026091104,"LP-QAOA (two stages, separate phases)",lp_two_stage_separate,48,False,0.03806976324499134,927245,110236996.4763073
2026091105,"LP-QAOA (two stages, separate phases)",lp_two_stage_separate,0,False,0.00013827852025099832,16685,555635415.9082197
2026091105,"LP-QAOA (two stages, separate phases)",lp_two_stage_separate,1,False,0.0003776970845671121,35655,434664180.05514145
2026091105,"LP-QAOA (two stages, separate phases)",lp_two_stage_separate,2,False,0.000916791303082185,54625,274296136.34727687
2026091105,"LP-QAOA (two stages, separate phases)",lp_two_stage_separate,4,False,0.001512229621131173,92565,281703753.35624367
2026091105,"LP-QAOA (two stages, separate phases)",lp_two_stage_separate,6,False,0.0033553258820783996,130505,178873087.02338162
2026091105,"LP-QAOA (two stages, separate phases)",lp_two_stage_separate,8,False,0.005714286280802407,168445,135406506.49370056
2026091105,"LP-QAOA (two stages, separate phases)",lp_two_stage_separate,10,False,0.007084540193049025,206385,133767957.21105227
2026091105,"LP-QAOA (two stages, separate phases)",lp_two_stage_separate,12,False,0.006510817485080098,244325,172371265.62076128
2026091105,"LP-QAOA (two stages, separate phases)",lp_two_stage_separate,14,False,0.009841820546163747,282265,131492020.56395194
2026091105,"LP-QAOA (two stages, separate phases)",lp_two_stage_separate,16,False,0.01162344884195627,320205,126236548.55153877
2026091105,"LP-QAOA (two stages, separate phases)",lp_two_stage_separate,24,False,0.017751544257066515,471965,121580979.94893835
2026091105,"LP-QAOA (two stages, separate phases)",lp_two_stage_separate,32,False,0.02785705083012163,623725,101763926.46133715
2026091105,"LP-QAOA (two stages, separate phases)",lp_two_stage_separate,40,True,0.03469581563188647,775485,101417613.24703805
2026091105,"LP-QAOA (two stages, separate phases)",lp_two_stage_separate,48,False,0.04090592716526241,927245,102834076.11585201
2026091106,"LP-QAOA (two stages, separate phases)",lp_two_stage_separate,0,False,0.00013827849532856154,16685,555635415.9082197
2026091106,"LP-QAOA (two stages, separate phases)",lp_two_stage_separate,1,False,0.0003777454919255018,35655,434609832.37117
2026091106,"LP-QAOA (two stages, separate phases)",lp_two_stage_separate,2,False,0.0009171329357108626,54625,274180364.4843377
2026091106,"LP-QAOA (two stages, separate phases)",lp_two_stage_separate,4,False,0.0015124729569367318,92565,281662402.4455201
2026091106,"LP-QAOA (two stages, separate phases)",lp_two_stage_separate,6,False,0.0033558639509625576,130505,178875697.7178963
2026091106,"LP-QAOA (two stages, separate phases)",lp_two_stage_separate,8,False,0.005721189769118285,168445,135276010.7008911
2026091106,"LP-QAOA (two stages, separate phases)",lp_two_stage_separate,10,False,0.007092542342803564,206385,133595365.36121127
2026091106,"LP-QAOA (two stages, separate phases)",lp_two_stage_separate,12,False,0.006510040723381907,244325,172382867.8324949
2026091106,"LP-QAOA (two stages, separate phases)",lp_two_stage_separate,14,False,0.009699172329038452,282265,133594789.30501616
2026091106,"LP-QAOA (two stages, separate phases)",lp_two_stage_separate,16,False,0.012054469677158512,320205,121759762.62441315
2026091106,"LP-QAOA (two stages, separate phases)",lp_two_stage_separate,24,False,0.01782261882865408,471965,121154820.83251822
2026091106,"LP-QAOA (two stages, separate phases)",lp_two_stage_separate,32,False,0.02784560516858497,623725,102059456.96681705
2026091106,"LP-QAOA (two stages, separate phases)",lp_two_stage_separate,40,True,0.03464883298478138,775485,101650491.04475309
2026091106,"LP-QAOA (two stages, separate phases)",lp_two_stage_separate,48,False,0.039212043333226275,927245,107380206.71040699
2026091107,"LP-QAOA (two stages, separate phases)",lp_two_stage_separate,0,False,0.00013827851947083647,16685,555635415.9082197
2026091107,"LP-QAOA (two stages, separate phases)",lp_two_stage_separate,1,False,0.00037763484049326105,35655,434733079.5410444
2026091107,"LP-QAOA (two stages, separate phases)",lp_two_stage_separate,2,False,0.0009166870294585333,54625,274325659.0313983
2026091107,"LP-QAOA (two stages, separate phases)",lp_two_stage_separate,4,False,0.0015120935840293665,92565,281755195.8947827
2026091107,"LP-QAOA (two stages, separate phases)",lp_two_stage_separate,6,False,0.0033542463111437388,130505,178973094.2865667
2026091107,"LP-QAOA (two stages, separate phases)",lp_two_stage_separate,8,False,0.005710922900973784,168445,135536958.74725288
2026091107,"LP-QAOA (two stages, separate phases)",lp_two_stage_separate,10,False,0.00708011171294078,206385,133872634.09756179
2026091107,"LP-QAOA (two stages, separate phases)",lp_two_stage_separate,12,False,0.006512895771540678,244325,172328919.15751988
2026091107,"LP-QAOA (two stages, separate phases)",lp_two_stage_separate,14,False,0.00983621115930785,282265,131721867.92765655
2026091107,"LP-QAOA (two stages, separate phases)",lp_two_stage_separate,16,False,0.01161136295304173,320205,126479540.92268492
2026091107,"LP-QAOA (two stages, separate phases)",lp_two_stage_separate,24,False,0.0177402477490856,471965,121680386.5930708
2026091107,"LP-QAOA (two stages, separate phases)",lp_two_stage_separate,32,False,0.026172983765746553,623725,108627737.17073224
2026091107,"LP-QAOA (two stages, separate phases)",lp_two_stage_separate,40,True,0.03523862200727546,775485,99871091.79742199
2026091107,"LP-QAOA (two stages, separate phases)",lp_two_stage_separate,48,False,0.04538282283960747,927245,92335105.36691457
2026091108,"LP-QAOA (two stages, separate phases)",lp_two_stage_separate,0,False,0.00013827852025099832,16685,555635415.9082197
2026091108,"LP-QAOA (two stages, separate phases)",lp_two_stage_separate,1,False,0.00037777471002460936,35655,434566363.1388193
2026091108,"LP-QAOA (two stages, separate phases)",lp_two_stage_separate,2,False,0.0009170369420268234,54625,274211115.8289478
2026091108,"LP-QAOA (two stages, separate phases)",lp_two_stage_separate,4,False,0.001512728863681465,92565,281638454.5225777
2026091108,"LP-QAOA (two stages, separate phases)",lp_two_stage_separate,6,False,0.003355864853448382,130505,178906852.59110025
2026091108,"LP-QAOA (two stages, separate phases)",lp_two_stage_separate,8,False,0.005720468919865513,168445,135315181.40448907
2026091108,"LP-QAOA (two stages, separate phases)",lp_two_stage_separate,10,False,0.00709152874684583,206385,133651462.52467957
2026091108,"LP-QAOA (two stages, separate phases)",lp_two_stage_separate,12,False,0.007024209042771981,244325,159647594.62388647
2026091108,"LP-QAOA (two stages, separate phases)",lp_two_stage_separate,14,False,0.009853285990403346,282265,131435306.2869852
2026091108,"LP-QAOA (two stages, separate phases)",lp_two_stage_separate,16,False,0.011538631391545161,320205,127181026.91048765
2026091108,"LP-QAOA (two stages, separate phases)",lp_two_stage_separate,24,False,0.01932631333231702,471965,111496263.82983077
2026091108,"LP-QAOA (two stages, separate phases)",lp_two_stage_separate,32,False,0.02757544912299077,623725,103024604.97093381
2026091108,"LP-QAOA (two stages, separate phases)",lp_two_stage_separate,40,True,0.03391271385766157,775485,103691325.6526029
2026091108,"LP-QAOA (two stages, separate phases)",lp_two_stage_separate,48,False,0.037449940690156246,927245,112134462.8521088
2026091109,"LP-QAOA (two stages, separate phases)",lp_two_stage_separate,0,False,0.00013827853108458585,16685,555635415.9082197
2026091109,"LP-QAOA (two stages, separate phases)",lp_two_stage_separate,1,False,0.00037778931096735913,35655,434559115.949207
2026091109,"LP-QAOA (two stages, separate phases)",lp_two_stage_separate,2,False,0.0009174805042253053,54625,274079788.3095624
2026091109,"LP-QAOA (two stages, separate phases)",lp_two_stage_separate,4,False,0.0015132755586046982,92565,281532926.158371
2026091109,"LP-QAOA (two stages, separate phases)",lp_two_stage_separate,6,False,0.0033588351471242426,130505,178675631.3718207
2026091109,"LP-QAOA (two stages, separate phases)",lp_two_stage_separate,8,False,0.0057313212006532815,168445,135015382.15847364
2026091109,"LP-QAOA (two stages, separate phases)",lp_two_stage_separate,10,False,0.006496264362425909,206385,145948004.72393936
2026091109,"LP-QAOA (two stages, separate phases)",lp_two_stage_separate,12,False,0.007079842643781931,244325,158493667.9013636
2026091109,"LP-QAOA (two stages, separate phases)",lp_two_stage_separate,14,False,0.009713915650028892,282265,133307138.0137613
2026091109,"LP-QAOA (two stages, separate phases)",lp_two_stage_separate,16,False,0.011667516708883585,320205,125761152.49106199
2026091109,"LP-QAOA (two stages, separate phases)",lp_two_stage_separate,24,False,0.01668647128401466,471965,129337812.64363213
2026091109,"LP-QAOA (two stages, separate phases)",lp_two_stage_separate,32,False,0.02731354120107643,623725,103994991.84145969
2026091109,"LP-QAOA (two stages, separate phases)",lp_two_stage_separate,40,True,0.03469781063597348,775485,101599779.88352826
2026091109,"LP-QAOA (two stages, separate phases)",lp_two_stage_separate,48,False,0.039708022478095406,927245,105715251.63649131
2026091110,"LP-QAOA (two stages, separate phases)",lp_two_stage_separate,0,False,0.0001382785338942064,16685,555635415.9082197
2026091110,"LP-QAOA (two stages, separate phases)",lp_two_stage_separate,1,False,0.00037784853265941757,35655,434481020.54788095
2026091110,"LP-QAOA (two stages, separate phases)",lp_two_stage_separate,2,False,0.0009173701153924197,54625,274137765.5866057
2026091110,"LP-QAOA (two stages, separate phases)",lp_two_stage_separate,4,False,0.0015130917096542887,92565,281568037.60551006
2026091110,"LP-QAOA (two stages, separate phases)",lp_two_stage_separate,6,False,0.0033561245100979216,130505,178840586.18460864
2026091110,"LP-QAOA (two stages, separate phases)",lp_two_stage_separate,8,False,0.005727743793867016,168445,135142647.19401395
2026091110,"LP-QAOA (two stages, separate phases)",lp_two_stage_separate,10,False,0.007098017033964408,206385,133478812.42157504
2026091110,"LP-QAOA (two stages, separate phases)",lp_two_stage_separate,12,False,0.006808705458917588,244325,164751025.08960056
2026091110,"LP-QAOA (two stages, separate phases)",lp_two_stage_separate,14,False,0.009711441973038607,282265,133307138.0137613
2026091110,"LP-QAOA (two stages, separate phases)",lp_two_stage_separate,16,False,0.011558743229154962,320205,127027796.59019461
2026091110,"LP-QAOA (two stages, separate phases)",lp_two_stage_separate,24,False,0.01658081530523572,471965,130102900.86988446
2026091110,"LP-QAOA (two stages, separate phases)",lp_two_stage_separate,32,False,0.026776885385306565,623725,106006056.14997719
2026091110,"LP-QAOA (two stages, separate phases)",lp_two_stage_separate,40,True,0.040354568087262246,775485,87070959.45242266
2026091110,"LP-QAOA (two stages, separate phases)",lp_two_stage_separate,48,False,0.040244207173567186,927245,104319991.98025817
