method,method_name,depth,n_realizations,per_shot_RU,complete_ten_realizations,probability,probability_q25,probability_q75,probability_min,probability_max,total_cost,total_cost_q25,total_cost_q75,total_cost_min,total_cost_max
lp_three_stage,LP-QAOA (three stages),0,10,66385,True,0.0024288388092541173,0.002428838701023871,0.0024288389136390147,0.002428838224507511,0.0024288391882144704,125743410.41671069,125743410.41671069,125743410.41671069,125743410.41671069,125743410.41671069
lp_three_stage,LP-QAOA (three stages),1,10,184635,True,0.004022432979976082,0.004020381075110552,0.00402510001490475,0.004017630103398124,0.004026865750758787,210986463.16210058,210894595.3823915,211091781.81211653,210730256.56786373,211255880.59522572
lp_three_stage,LP-QAOA (three stages),2,10,302885,True,0.008514648672819708,0.00850562352609558,0.00852654261183932,0.008492519220676153,0.008533842067862498,163236655.92571127,163023189.93868876,163443576.83792302,162930955.4349577,163558811.6942313
lp_three_stage,LP-QAOA (three stages),4,10,539385,True,0.019740369072448097,0.01972072042332814,0.019762465778553007,0.019693791121388436,0.019781720104092706,124839667.18706404,124635828.80527268,124973713.99391988,124568753.13400318,125122936.60476348
lp_three_stage,LP-QAOA (three stages),6,10,775885,True,0.03566863783190104,0.03558934172888219,0.03575338219767084,0.0354890447428931,0.035827640749165356,98777001.81056803,98515688.27368735,99050134.23614341,98272161.48571783,99246080.06857455
lp_three_stage,LP-QAOA (three stages),8,10,1012385,True,0.05350049528694011,0.05325743244717267,0.05372463503396371,0.05295901295033584,0.054029254397939715,85318383.69964689,85066771.1589401,85522775.58015014,84507202.65545945,86285607.33522299
lp_three_stage,LP-QAOA (three stages),10,10,1248885,True,0.06358536406208917,0.06336878743365326,0.06379632824055996,0.06291261953873356,0.06419335216413286,88106058.08901577,87750915.59701,88436508.50541562,87382979.12710501,89015926.70253257
lp_three_stage,LP-QAOA (three stages),11,10,1367135,True,0.07983192412856324,0.07940214684315111,0.08028063158884707,0.07909033355893386,0.08047648700533555,76383058.83290489,75806201.42829247,76820577.5778853,75806201.42829247,77180402.774179
lp_three_stage,LP-QAOA (three stages),12,10,1485385,True,0.08408665514627098,0.08372252786806468,0.08474843108474628,0.08273836773055067,0.0849931998529237,78731290.73661937,78042754.71582946,79092160.00415719,77963360.64823598,79887155.96895504
lp_three_stage,LP-QAOA (three stages),14,10,1721885,True,0.0870313980272517,0.08642240615043194,0.08756969620578364,0.08619515131121275,0.08787130501824487,87903208.37812552,87357461.4661305,88299724.45867181,87354880.51470226,88677890.38849838
lp_three_stage,LP-QAOA (three stages),16,10,1958385,True,0.08863116175654662,0.08811680009004559,0.08918576258953473,0.08770503630003038,0.0893184936155818,98104227.36853074,97360424.18621808,98788717.31082542,97226498.3215897,99197789.07199591
lp_three_stage,LP-QAOA (three stages),24,10,2904385,True,0.0923914249088228,0.0920876636779321,0.09286246022912707,0.09159338422986149,0.09317750368535961,139304217.30575526,138713152.3905803,140138173.9457028,138078292.92732975,140298702.9902456
lp_three_stage,LP-QAOA (three stages),32,10,3850385,True,0.09631680719227202,0.09571070687238811,0.09688086262866119,0.09504785669753206,0.09753890370431821,176851697.81464,175092683.9335763,178223381.53060126,174575881.39229387,180503465.50067014
lp_three_stage,LP-QAOA (three stages),40,10,4796385,True,0.10141668433155188,0.10070479678247324,0.10235710850239453,0.09962542053941165,0.10276676160801224,209118539.31293792,206728700.2372559,210931846.68880376,206132920.55856502,212120242.13916385
lp_three_stage,LP-QAOA (three stages),48,10,5742385,True,0.10366237696399141,0.10270950007216473,0.10483218310345138,0.10182047328666283,0.10530797696457092,244378893.66478637,241443376.20550683,246872844.40998554,241079191.67151406,248280142.1587917
omit_feasibility,No joint-feasibility stage,0,10,16685,True,0.00013827851493524373,0.00013827850136413026,0.00013827852837618897,0.00013827848298462856,0.0001382785338942064,555635415.9082197,555635415.9082197,555635415.9082197,555635415.9082197,555635415.9082197
omit_feasibility,No joint-feasibility stage,1,10,35535,True,0.0003167496729023455,0.000316367376929336,0.0003170115407086376,0.00031554280664047667,0.00031831492222586066,516574564.8521684,516142964.91698825,517202704.6307944,514024802.5327591,518546697.9913201
omit_feasibility,No joint-feasibility stage,2,10,54385,True,0.00045647092935764385,0.00045559618727297285,0.00045709602972513494,0.00045344875945466117,0.00046042992205627014,548569760.2381957,547824216.7666451,549625025.5066613,543850776.2818838,552228362.2835833
omit_feasibility,No joint-feasibility stage,4,10,92085,True,0.0008348069878077736,0.0008319813083826146,0.0008366941031007461,0.0008243822183017637,0.0008481474045402898,507814049.57087135,506659927.99955934,509546546.99236083,499835097.48400545,514259073.28457713
omit_feasibility,No joint-feasibility stage,8,10,167485,True,0.0012013231856879039,0.0011905298796782145,0.0012067425530569785,0.001169797307915257,0.0012538498906677611,641726072.9817239,638843346.2222042,647552237.0074073,614811395.2044874,659032243.8740103
omit_feasibility,No joint-feasibility stage,16,10,318285,True,0.0007875076119477202,0.0007750796597144054,0.0008047758611259088,0.0006935425743164015,0.0008681366603822558,1860689671.7342837,1820763202.2042313,1890588351.9650865,1687826846.0166209,2112784005.1779006
omit_feasibility,No joint-feasibility stage,32,10,619885,True,2.4061060415906363e-05,2.2787659872549618e-05,2.4869478973472272e-05,1.8218202122298808e-05,3.351540293313239e-05,118635217260.02411,114781427214.79239,125266138311.97787,85170680144.60895,156682797354.6541
uniform_projector,Uniform-state projector QAOA,0,10,15425,True,1.3168724279835409e-06,1.3168724279835385e-06,1.3168724279835385e-06,1.3168724279835385e-06,1.3168724279835385e-06,53941980824.999954,53941980824.999954,53941980824.999954,53941980824.999954,53941980824.999954
uniform_projector,Uniform-state projector QAOA,1,10,31905,True,4.8310735515872485e-06,4.830519492073018e-06,4.8316132040637e-06,4.829841904242769e-06,4.832578489881707e-06,30413047522.90111,30409644527.033337,30416537954.010788,30403574592.906197,30420811283.484222
uniform_projector,Uniform-state projector QAOA,2,10,48385,True,7.858871183266436e-06,7.858051554365643e-06,7.859644036633012e-06,7.857493249713681e-06,7.861374321608437e-06,28352727325.0615,28349943132.17436,28355683477.620247,28343697324.5865,28357693138.631596
uniform_projector,Uniform-state projector QAOA,4,10,81345,True,1.3770048561419888e-05,1.376414755091478e-05,1.3773884345036465e-05,1.3761079703976274e-05,1.3779684622068477e-05,27204368422.033375,27196779508.202812,27216039986.331184,27185363304.965893,27222083745.512848
uniform_projector,Uniform-state projector QAOA,8,10,147265,True,3.420498874817774e-05,3.4275288787616474e-05,3.43458754637086e-05,3.3053055429083046e-05,3.551011947600151e-05,19826679927.578278,19745321023.83212,19786041090.700294,19097946982.043217,20517701816.46654
uniform_projector,Uniform-state projector QAOA,16,10,279105,True,5.389054516875682e-05,4.689655779591042e-05,6.321922532784469e-05,4.110483348663311e-05,6.579742122350218e-05,23850074935.98942,20356500968.0904,27414788734.681664,19533975676.22981,31268893143.13492
uniform_projector,Uniform-state projector QAOA,32,10,542785,True,0.00010334800914732438,0.00010282391904304597,0.00010943804027655404,7.941878486200676e-05,0.00012184656094477182,24185255364.170223,22839265148.623905,24308795656.270096,20513461071.292183,31472704784.35208
uniform_projector,Uniform-state projector QAOA,64,10,1070145,True,0.00040910470194471257,0.0003646535157360555,0.0004565419365619888,0.0003097957377072567,0.0005229431508386391,12043824403.64949,10807532201.953438,13512510806.773266,9421796384.745235,15904878500.060959
warm_start_block_xy,Warm-start block-XY QAOA,0,10,16685,True,0.00013827851493524373,0.00013827850136413026,0.00013827852837618897,0.00013827848298462856,0.0001382785338942064,555635415.9082197,555635415.9082197,555635415.9082197,555635415.9082197,555635415.9082197
warm_start_block_xy,Warm-start block-XY QAOA,1,10,32240,True,0.0001869273843177373,0.00018690496449266488,0.0001869676929801082,0.0001867878955254004,0.00018701982098991867,794212304.8749032,794038801.317418,794310003.4883443,793824394.8585656,794807707.7561738
warm_start_block_xy,Warm-start block-XY QAOA,2,10,47795,True,0.0002876184295676227,0.00028756096747046547,0.00028766427570408313,0.00028748917956520394,0.00028778332529663523,765176164.1832864,765057822.3619086,765334592.6669475,764744030.4121425,765515533.9258407
warm_start_block_xy,Warm-start block-XY QAOA,4,10,78905,True,0.0006350195483772836,0.0006341109988535682,0.0006355775179075957,0.0006336174526339728,0.0006365725466956772,572078887.4646431,571564437.1616408,572903417.301853,570702697.7417506,573332724.9106058
warm_start_block_xy,Warm-start block-XY QAOA,8,10,141125,True,0.0010830908242865601,0.0010816832139801571,0.0010848566475785153,0.0010797741546021604,0.0010869284953444554,599784485.4702995,598829333.2792078,600566461.8361506,597654956.205747,601662941.3560234
warm_start_block_xy,Warm-start block-XY QAOA,16,10,265565,True,0.0008148483934322651,0.0008136665298091304,0.0008161221041200891,0.0008120426928791311,0.000818387192167492,1500048734.7036011,1497718787.053816,1502153177.1477985,1493509581.0419102,1505254587.4786801
warm_start_block_xy,Warm-start block-XY QAOA,32,10,514445,True,0.00532449828959913,0.005161997039744436,0.005709261544351663,0.004329370491847989,0.005799697657940408,443898397.22197527,413898474.04323757,457905034.6813098,407348528.6483282,546253170.9680122
