analysis,seed,target,algorithm,stage1_depth,success_probability,RTS99,terminal_RU,cost,lp_configuration,lp_depth,lp_success_probability,lp_RTS99,lp_terminal_RU,lp_cost,lp_over_stage1_success_probability,stage1_over_lp_cost,stage1_checkpoint_sha256,support_sha256,objective_sha256,target_manifest_sha256,validation_status
stage1_only_diagnostic_not_benchmark,101,A,XY-Stage1-Only,12,0.0011106737656518817,4144,136565,565925360,lp_selected,4,0.017975961789488792,254,691485,175637190,16.18473609929758,3.2221271588323637,a14aeecbfcc5197efec8848dd0045dc47434c8d2a6ecfb4192c4d8a95184d0c7,77c618121f1fae6e6b1bc22b0445cd097ba0ff7b55f8958f9a2d4392fdfff13b,cd2d85e949db92a57624b2f6dfcc85c1f62255992b99d018b5d9d034170c40c0,9886fa4d2f8f1b06441d65008277a04851d8a35b0e21cfd6011b9cbd2ec760fd,passed
stage1_only_diagnostic_not_benchmark,101,B,XY-Stage1-Only,12,0.00032169814221560955,14313,136565,1954654845,lp_selected,4,0.0054902369156479836,837,691485,578772945,17.066424063985732,3.377239488967474,a14aeecbfcc5197efec8848dd0045dc47434c8d2a6ecfb4192c4d8a95184d0c7,77c618121f1fae6e6b1bc22b0445cd097ba0ff7b55f8958f9a2d4392fdfff13b,cd2d85e949db92a57624b2f6dfcc85c1f62255992b99d018b5d9d034170c40c0,9886fa4d2f8f1b06441d65008277a04851d8a35b0e21cfd6011b9cbd2ec760fd,passed
stage1_only_diagnostic_not_benchmark,102,A,XY-Stage1-Only,12,0.0009894794784486294,4652,136565,635300380,lp_selected,4,0.011578566394746304,396,691485,273828060,11.701674109401376,2.3200704120680693,a14aeecbfcc5197efec8848dd0045dc47434c8d2a6ecfb4192c4d8a95184d0c7,558d2c968a8a49fb5acbf1c4cdd2a1c754da3e424b8eb6ec558c015d2af8f301,e2ee22fc18adbfe56c8dd6506ce855dd7b99418411be1f5d27ee80ebe7a39f44,2afbecec5d2a53a77dc265d445b50deea88cea98bb5a7cae0193fc18ebda5800,passed
stage1_only_diagnostic_not_benchmark,102,B,XY-Stage1-Only,12,0.00023799535119906068,19348,136565,2642259620,lp_selected,4,0.0022567864507436752,2039,691485,1409937915,9.482481230719864,1.874025509839559,a14aeecbfcc5197efec8848dd0045dc47434c8d2a6ecfb4192c4d8a95184d0c7,558d2c968a8a49fb5acbf1c4cdd2a1c754da3e424b8eb6ec558c015d2af8f301,e2ee22fc18adbfe56c8dd6506ce855dd7b99418411be1f5d27ee80ebe7a39f44,2afbecec5d2a53a77dc265d445b50deea88cea98bb5a7cae0193fc18ebda5800,passed
stage1_only_diagnostic_not_benchmark,103,A,XY-Stage1-Only,12,0.001200233236886561,3835,136565,523726775,lp_selected,4,0.01439545676112175,318,691485,219892230,11.993882787702141,2.381742979276712,a14aeecbfcc5197efec8848dd0045dc47434c8d2a6ecfb4192c4d8a95184d0c7,6d6bb83747945cacf06dc50a2103f8f4c9b116cb57de510c1bb9b06cd8699c33,fa144a0214ce7705e4a8015f11dcb578ef2f608bd7fd19bd0fa93324cab1d93a,b2c6a08429fbd4108f58c21ffb87b0d547350efbcbf38117aaa23fe352dec1af,passed
stage1_only_diagnostic_not_benchmark,103,B,XY-Stage1-Only,12,0.0002754877205006778,16715,136565,2282683975,lp_selected,4,0.0023683556355535984,1943,691485,1343555355,8.596955360657432,1.6989876647099516,a14aeecbfcc5197efec8848dd0045dc47434c8d2a6ecfb4192c4d8a95184d0c7,6d6bb83747945cacf06dc50a2103f8f4c9b116cb57de510c1bb9b06cd8699c33,fa144a0214ce7705e4a8015f11dcb578ef2f608bd7fd19bd0fa93324cab1d93a,b2c6a08429fbd4108f58c21ffb87b0d547350efbcbf38117aaa23fe352dec1af,passed
stage1_only_diagnostic_not_benchmark,104,A,XY-Stage1-Only,12,0.00108188739977777,4255,136565,581084075,lp_selected,4,0.010077658109366894,455,691485,314625675,9.314886291712927,1.8469060892757718,a14aeecbfcc5197efec8848dd0045dc47434c8d2a6ecfb4192c4d8a95184d0c7,d90523a43339e107a72d36d073f2b5dbce8226b915f15b428614e77a1e57d7c0,f2d88bf13ad9cadfb4f3b27cf74034b4324ce01cd6136dd9e60927a4a2dd9180,d5e75f5001906ca9b71405c5f6bdc9f284df48b080284df0adfdc6674390b01b,passed
stage1_only_diagnostic_not_benchmark,104,B,XY-Stage1-Only,12,0.00023799552582204342,19348,136565,2642259620,lp_selected,4,0.0017593451775610447,2616,691485,1808924760,7.392345597608256,1.4606796691754056,a14aeecbfcc5197efec8848dd0045dc47434c8d2a6ecfb4192c4d8a95184d0c7,d90523a43339e107a72d36d073f2b5dbce8226b915f15b428614e77a1e57d7c0,f2d88bf13ad9cadfb4f3b27cf74034b4324ce01cd6136dd9e60927a4a2dd9180,d5e75f5001906ca9b71405c5f6bdc9f284df48b080284df0adfdc6674390b01b,passed
stage1_only_diagnostic_not_benchmark,105,A,XY-Stage1-Only,12,0.0012002259027212858,3835,136565,523726775,lp_selected,4,0.010913481004536152,420,691485,290423700,9.092855753064397,1.8033196843095105,a14aeecbfcc5197efec8848dd0045dc47434c8d2a6ecfb4192c4d8a95184d0c7,09fd8ba79f1b1f3629ee879cbdd6c0a22d6114fb31ed05f3f0b7dd13c96c2a40,3179ee5cd7222617e0b13d8dc63ca445c5efe755fdb23ed600856bae1a9a69d2,ff1c634c04037a0f0880918273cf9f171c31aa48975c6f9ca0c66a85466e9991,passed
stage1_only_diagnostic_not_benchmark,105,B,XY-Stage1-Only,12,0.00027549231890589,16714,136565,2282547410,lp_selected,4,0.002091135596856475,2200,691485,1521267000,7.590540473728492,1.5004252442207713,a14aeecbfcc5197efec8848dd0045dc47434c8d2a6ecfb4192c4d8a95184d0c7,09fd8ba79f1b1f3629ee879cbdd6c0a22d6114fb31ed05f3f0b7dd13c96c2a40,3179ee5cd7222617e0b13d8dc63ca445c5efe755fdb23ed600856bae1a9a69d2,ff1c634c04037a0f0880918273cf9f171c31aa48975c6f9ca0c66a85466e9991,passed
stage1_only_diagnostic_not_benchmark,106,A,XY-Stage1-Only,12,0.001064468640834093,4324,136565,590507060,lp_selected,4,0.0077331699430942535,594,691485,410742090,7.264817061247309,1.437658994236505,a14aeecbfcc5197efec8848dd0045dc47434c8d2a6ecfb4192c4d8a95184d0c7,111f96af573dd8474251fc89cd248eebbe10a3c373b93d972fbb507a14b08c74,aa996c97ad86e83fb04636c87abf852e279949e08e9b0d36fd342f03af373e7b,204355f1f5b1b8359cba9fac8d7356e81d2e0224a77cb0bd7ddbab82dfaff591,passed
stage1_only_diagnostic_not_benchmark,106,B,XY-Stage1-Only,12,0.00031298433896154165,14712,136565,2009144280,lp_selected,4,0.001561886863783002,2947,691485,2037806295,4.990303569070658,0.9859348677691665,a14aeecbfcc5197efec8848dd0045dc47434c8d2a6ecfb4192c4d8a95184d0c7,111f96af573dd8474251fc89cd248eebbe10a3c373b93d972fbb507a14b08c74,aa996c97ad86e83fb04636c87abf852e279949e08e9b0d36fd342f03af373e7b,204355f1f5b1b8359cba9fac8d7356e81d2e0224a77cb0bd7ddbab82dfaff591,passed
